,	comma	0	0.8	
de	addendum	0	1	
de la	addendum	0	1	
v.	addendum	0	1	
v. d.	addendum	0	1	
vom	addendum	0	1	
vom und zum	addendum	0	1	
von	addendum	0	1	
von dem	addendum	0	1	
von den	addendum	0	1	
von der	addendum	0	1	
von und zu	addendum	0	1	
zu	addendum	0	1	
zum	addendum	0	1	
Aad	givenname	0	1	
Aadolf	givenname	0	1	
Aadu	givenname	0	1	
Aage	givenname	0	1	
Aagje	givenname	0	1	
Aale	givenname	0	1	
Aaliyah	givenname	0	1	
Aaron	givenname	0	1	
Aart	givenname	0	1	
Aase	givenname	0	1	
Abbas	givenname	0	1	
Abd	givenname	0	1	
Abda	givenname	0	1	
Abdallah	givenname	0	1	
Abdelkader	givenname	0	1	
Abdel-Kader	givenname	0	1	
Abdelkarim	givenname	0	1	
Abderrahim	givenname	0	1	
Abdi	givenname	0	1	
Abdou	givenname	0	1	
Abdoulaye	givenname	0	1	
Abdulkadir	givenname	0	1	
Abel	givenname	0	1	
Abelena	givenname	0	1	
Abelina	givenname	0	1	
Aberlin	givenname	0	1	
Abigail	givenname	0	1	
Abraham	givenname	0	1	
Abu	givenname	0	1	
Acacio	givenname	0	1	
Acácio	givenname	0	1	
Acar	givenname	0	1	
Achatius	givenname	0	1	
Achille	givenname	0	1	
Achilles	givenname	0	1	
Achim	givenname	0	1	
Achisch	givenname	0	1	
Ada	givenname	0	1	
Adalbero	givenname	0	1	
Adalbert	givenname	0	1	
Adalnot	givenname	0	1	
Adalward	givenname	0	1	
Adam	givenname	0	1	
Adamus	givenname	0	1	
Adán	givenname	0	1	
Adela	givenname	0	1	
Adélaïde	givenname	0	1	
Adelbert	givenname	0	1	
Adele	givenname	0	1	
Adelgunde	givenname	0	1	
Adelheid	givenname	0	1	
Adelina	givenname	0	1	
Adelinde	givenname	0	1	
Adem	givenname	0	1	
Adi	givenname	0	1	
Adil	givenname	0	1	
Adile	givenname	0	1	
Adina	givenname	0	1	
Aditi	givenname	0	1	
Adıvar	givenname	0	1	
Adnan	givenname	0	1	
Ado	givenname	0	1	
Adolf	givenname	0	1	
Adolfas	givenname	0	1	
Adolfine	givenname	0	1	
Adolfo	givenname	0	1	
Adolphe	givenname	0	1	
Adolphus	givenname	0	1	
Adonis	givenname	0	1	
Adriaen	givenname	0	1	
Adrian	givenname	0	1	
Adriana	givenname	0	1	
Adriane	givenname	0	1	
Adrien	givenname	0	1	
Adrienne	givenname	0	1	
Ælfric	givenname	0	1	
Ælfwald	givenname	0	1	
Ælfwine	givenname	0	1	
Ælle	givenname	0	1	
Aeropos	givenname	0	1	
Æthelfrith	givenname	0	1	
Æthelheard	givenname	0	1	
Æthelred	givenname	0	1	
Æthelric	givenname	0	1	
Æthelstan	givenname	0	1	
Æthelwald	givenname	0	1	
Æthelweard	givenname	0	1	
Æthelwine	givenname	0	1	
Afet	givenname	0	1	
Afra	givenname	0	1	
Afsahne	givenname	0	1	
Agathe	givenname	0	1	
Åge	givenname	0	1	
Agelas	givenname	0	1	
Agesander	givenname	0	1	
Agesilaos	givenname	0	1	
Agesipolis	givenname	0	1	
Ägidius	givenname	0	1	
Ägir	givenname	0	1	
Agis	givenname	0	1	
Aglaia	givenname	0	1	
Agnes	givenname	0	1	
Agon	givenname	0	1	
Agrippa	givenname	0	1	
Agrippina	givenname	0	1	
Agustín	givenname	0	1	
Aharon	givenname	0	1	
Ahilan	givenname	0	1	
Ahinoam	givenname	0	1	
Ahmad	givenname	0	1	
Ahmet	givenname	0	1	
Aida	givenname	0	1	
Aigialeus	givenname	0	1	
Aiko	givenname	0	1	
Aila	givenname	0	1	
Aiman	givenname	0	1	
Aimé	givenname	0	1	
Aimée	givenname	0	1	
Aimie	givenname	0	1	
Aimo	givenname	0	1	
Aino	givenname	0	1	
A'ischa	givenname	0	1	
Aitor	givenname	0	1	
Aivar	givenname	0	1	
Aivars	givenname	0	1	
Ajay	givenname	0	1	
Akai	givenname	0	1	
Akay	givenname	0	1	
Åke	givenname	0	1	
Akgül	givenname	0	1	
Akgün	givenname	0	1	
Aki	givenname	0	1	
Akiba	givenname	0	1	
Akira	givenname	0	1	
Ákos	givenname	0	1	
Akua	givenname	0	1	
Alain	givenname	0	1	
Alan	givenname	0	1	
Alana	givenname	0	1	
Alastair	givenname	0	1	
Alban	givenname	0	1	
Alberich	givenname	0	1	
Albert	givenname	0	1	
Alberta	givenname	0	1	
Albertas	givenname	0	1	
Albertine	givenname	0	1	
Albin	givenname	0	1	
Albrecht	givenname	0	1	
Albwin	givenname	0	1	
Alcetes	givenname	0	1	
Alcide	givenname	0	1	
Aldhelm	givenname	0	1	
Aldo	givenname	0	1	
Aled	givenname	0	1	
Aleferna	givenname	0	1	
Aleida	givenname	0	1	
Alejandro	givenname	0	1	
Alen	givenname	0	1	
Alena	givenname	0	1	
Alenn	givenname	0	1	
Alessandro	givenname	0	1	
Aletes	givenname	0	1	
Alev	givenname	0	1	
Alexa	givenname	0	1	
Alexander	givenname	0	1	
Alexandra	givenname	0	1	
Alexandrine	givenname	0	1	
Alexei	givenname	0	1	
Alexia	givenname	0	1	
Alexis	givenname	0	1	
Alfke	givenname	0	1	
Alfons	givenname	0	1	
Alfred	givenname	0	1	
Alfreda	givenname	0	1	
Álfrún	givenname	0	1	
Algernon	givenname	0	1	
Algimantas	givenname	0	1	
Algirdas	givenname	0	1	
Algis	givenname	0	1	
Ali	givenname	0	1	
Alice	givenname	0	1	
Alicia	givenname	0	1	
Alicja	givenname	0	1	
Aliénor	givenname	0	1	
Alieu	givenname	0	1	
Alina	givenname	0	1	
Alis	givenname	0	1	
Alisar	givenname	0	1	
Alison	givenname	0	1	
Alissa	givenname	0	1	
Alister	givenname	0	1	
Aljona	givenname	0	1	
Alkamenes	givenname	0	1	
Alkan	givenname	0	1	
Alla	givenname	0	1	
Allegra	givenname	0	1	
Allie	givenname	0	1	
Alma	givenname	0	1	
al-Malik	givenname	0	1	
Almira	givenname	0	1	
Álmos	givenname	0	1	
Almut	givenname	0	1	
Alois	givenname	0	1	
Aloisia	givenname	0	1	
Alonso	givenname	0	1	
Alparslan	givenname	0	1	
Alper	givenname	0	1	
Alperen	givenname	0	1	
Alphonse	givenname	0	1	
Alrun	givenname	0	1	
Altan	givenname	0	1	
Altay	givenname	0	1	
Altor	givenname	0	1	
Alun	givenname	0	1	
Alva	givenname	0	1	
Alvar	givenname	0	1	
Álvar	givenname	0	1	
Alvaro	givenname	0	1	
Álvaro	givenname	0	1	
Alwin	givenname	0	1	
Alwine	givenname	0	1	
Alyssa	givenname	0	1	
Amadeus	givenname	0	1	
Amalberga	givenname	0	1	
Amalie	givenname	0	1	
Amalrich	givenname	0	1	
Amana	givenname	0	1	
Amanda	givenname	0	1	
Amber	givenname	0	1	
Amédée	givenname	0	1	
Amedeo	givenname	0	1	
Amelie	givenname	0	1	
Amélie	givenname	0	1	
Amelius	givenname	0	1	
Amin	givenname	0	1	
Amina	givenname	0	1	
Aminata	givenname	0	1	
Amira	givenname	0	1	
Ammar	givenname	0	1	
Amos	givenname	0	1	
Amparo	givenname	0	1	
Amphion	givenname	0	1	
Amram	givenname	0	1	
Amrei	givenname	0	1	
Amy	givenname	0	1	
Amyntas	givenname	0	1	
Anaïs	givenname	0	1	
Anas	givenname	0	1	
Anastasia	givenname	0	1	
Anastasius	givenname	0	1	
Anaxandridas	givenname	0	1	
Anca	givenname	0	1	
Anđelko	givenname	0	1	
Anders	givenname	0	1	
Andor	givenname	0	1	
André	givenname	0	1	
Andrea	givenname	0	1	
Andreas	givenname	0	1	
Andree	givenname	0	1	
Andrei	givenname	0	1	
Andrej	givenname	0	1	
Andres	givenname	0	1	
Andrés	givenname	0	1	
Andreu	givenname	0	1	
Andrew	givenname	0	1	
Andries	givenname	0	1	
Andrin	givenname	0	1	
Andris	givenname	0	1	
Andrius	givenname	0	1	
Andrzej	givenname	0	1	
Anete	givenname	0	1	
Anett	givenname	0	1	
Ange	givenname	0	1	
Angel	givenname	0	1	
Ángel	givenname	0	1	
Angela	givenname	0	1	
Angele	givenname	0	1	
Angelika	givenname	0	1	
Angelina	givenname	0	1	
Angelique	givenname	0	1	
Angelo	givenname	0	1	
Anianus	givenname	0	1	
Anil	givenname	0	1	
Anıl	givenname	0	1	
Anita	givenname	0	1	
Anja	givenname	0	1	
Anjana	givenname	0	1	
Anjuli	givenname	0	1	
Ann	givenname	0	1	
Anna	givenname	0	1	
Annabel	givenname	0	1	
Annalena	givenname	0	1	
Annalisa	givenname	0	1	
Anne	givenname	0	1	
Annegret	givenname	0	1	
Anne-Kathrin	givenname	0	1	
Annelie	givenname	0	1	
Anneliese	givenname	0	1	
Annemarie	givenname	0	1	
Annemie	givenname	0	1	
Annemieke	givenname	0	1	
Annett	givenname	0	1	
Annette	givenname	0	1	
Annie	givenname	0	1	
Annika	givenname	0	1	
Annikki	givenname	0	1	
Anno	givenname	0	1	
Annunziata	givenname	0	1	
Anny	givenname	0	1	
Anouar	givenname	0	1	
Anouk	givenname	0	1	
Anselm	givenname	0	1	
Ansgar	givenname	0	1	
Ansgard	givenname	0	1	
Antal	givenname	0	1	
Antanas	givenname	0	1	
Antara	givenname	0	1	
Ante	givenname	0	1	
Anthony	givenname	0	1	
Antje	givenname	0	1	
Antoinette	givenname	0	1	
Anton	givenname	0	1	
Antonella	givenname	0	1	
Antoni	givenname	0	1	
Antonia	givenname	0	1	
Antonie	givenname	0	1	
Antoninus	givenname	0	1	
Antonios	givenname	0	1	
Antti	givenname	0	1	
Anwar	givenname	0	1	
Anže	givenname	0	1	
Aoife	givenname	0	1	
Aparna	givenname	0	1	
Apollonia	givenname	0	1	
Appius	givenname	0	1	
April	givenname	0	1	
Arash	givenname	0	1	
Araxi	givenname	0	1	
Archana	givenname	0	1	
Archibald	givenname	0	1	
Areus	givenname	0	1	
Aria	givenname	0	1	
Arian	givenname	0	1	
Ariane	givenname	0	1	
Ariano	givenname	0	1	
Aribert	givenname	0	1	
Ariel	givenname	0	1	
Ariella	givenname	0	1	
Arif	givenname	0	1	
Arife	givenname	0	1	
Arik	givenname	0	1	
Arina	givenname	0	1	
Aristeides	givenname	0	1	
Aristide	givenname	0	1	
Aristides	givenname	0	1	
Aristion	givenname	0	1	
Aristodemos	givenname	0	1	
Ariston	givenname	0	1	
Arjen	givenname	0	1	
Arkadius	givenname	0	1	
Armando	givenname	0	1	
Armgard	givenname	0	1	
Armin	givenname	0	1	
Armindo	givenname	0	1	
Arndt	givenname	0	1	
Arne	givenname	0	1	
Arnfried	givenname	0	1	
Árni	givenname	0	1	
Arnim	givenname	0	1	
Arno	givenname	0	1	
Arnold	givenname	0	1	
Arnor	givenname	0	1	
Arnór	givenname	0	1	
Arnošt	givenname	0	1	
Arnulf	givenname	0	1	
Aron	givenname	0	1	
Arrhidaios	givenname	0	1	
Arsenije	givenname	0	1	
Arslan	givenname	0	1	
Art	givenname	0	1	
Artem	givenname	0	1	
Arthur	givenname	0	1	
Artin	givenname	0	1	
Artjom	givenname	0	1	
Arttu	givenname	0	1	
Artturi	givenname	0	1	
Artula	givenname	0	1	
Arūnas	givenname	0	1	
Arved	givenname	0	1	
Arvid	givenname	0	1	
Arvo	givenname	0	1	
Arvydas	givenname	0	1	
Arzu	givenname	0	1	
Åsa	givenname	0	1	
Asbjörn	givenname	0	1	
Asbjørn	givenname	0	1	
Ásbjörn	givenname	0	1	
Aschot	givenname	0	1	
Åse	givenname	0	1	
Ásgeir	givenname	0	1	
Asger	givenname	0	1	
Ashley	givenname	0	1	
Asim	givenname	0	1	
Asios	givenname	0	1	
Aşkın	givenname	0	1	
Aslan	givenname	0	1	
Aslı	givenname	0	1	
Asmund	givenname	0	1	
Ásmundur	givenname	0	1	
Asmus	givenname	0	1	
Assan	givenname	0	1	
Assar	givenname	0	1	
Assol	givenname	0	1	
Asterion	givenname	0	1	
Asterius	givenname	0	1	
Astrid	givenname	0	1	
Atalay	givenname	0	1	
Atanas	givenname	0	1	
Atanasije	givenname	0	1	
Atarah	givenname	0	1	
Atay	givenname	0	1	
Athanasios	givenname	0	1	
Atilla	givenname	0	1	
Attila	givenname	0	1	
Atze	givenname	0	1	
Audrey	givenname	0	1	
Audrun	givenname	0	1	
Audun	givenname	0	1	
August	givenname	0	1	
Augusta	givenname	0	1	
Auguste	givenname	0	1	
Augustin	givenname	0	1	
Augustinas	givenname	0	1	
Augustine	givenname	0	1	
Augustinus	givenname	0	1	
Augusto	givenname	0	1	
Augustus	givenname	0	1	
Auke	givenname	0	1	
Aukje	givenname	0	1	
Aulis	givenname	0	1	
Aulus	givenname	0	1	
Aurelia	givenname	0	1	
Aurora	givenname	0	1	
Austėja	givenname	0	1	
Ava	givenname	0	1	
Avcı	givenname	0	1	
Avery	givenname	0	1	
Aviv	givenname	0	1	
Aviva	givenname	0	1	
Avni	givenname	0	1	
Avril	givenname	0	1	
Awgust	givenname	0	1	
Axel	givenname	0	1	
Ayan	givenname	0	1	
Aydan	givenname	0	1	
Aydın	givenname	0	1	
Aydoğan	givenname	0	1	
Aygun	givenname	0	1	
Aygün	givenname	0	1	
Ayhan	givenname	0	1	
Ayık	givenname	0	1	
Aykut	givenname	0	1	
Ayla	givenname	0	1	
Aylin	givenname	0	1	
Ayşe	givenname	0	1	
Aysel	givenname	0	1	
Aytaç	givenname	0	1	
Ayvaz	givenname	0	1	
Azadeh	givenname	0	1	
Azaria	givenname	0	1	
Babak	givenname	0	1	
Babatunde	givenname	0	1	
Babette	givenname	0	1	
Badea	givenname	0	1	
Bahar	givenname	0	1	
Bahriye	givenname	0	1	
Bakari	givenname	0	1	
Bakary	givenname	0	1	
Baki	givenname	0	1	
Bakr	givenname	0	1	
Balasingam	givenname	0	1	
Baldred	givenname	0	1	
Balduin	givenname	0	1	
Baldur	givenname	0	1	
Bálint	givenname	0	1	
Balthasar	givenname	0	1	
Baptist	givenname	0	1	
Barack	givenname	0	1	
Baran	givenname	0	1	
Barbara	givenname	0	1	
Bärbel	givenname	0	1	
Barbro	givenname	0	1	
Barend	givenname	0	1	
Barış	givenname	0	1	
Barnabas	givenname	0	1	
Barney	givenname	0	1	
Barnim	givenname	0	1	
Barry	givenname	0	1	
Barthel	givenname	0	1	
Barthélemy	givenname	0	1	
Bartholemew	givenname	0	1	
Bartholomäus	givenname	0	1	
Bartholomeus	givenname	0	1	
Bartimäus	givenname	0	1	
Bartolomé	givenname	0	1	
Bartolomeo	givenname	0	1	
Bartolomeu	givenname	0	1	
Bartolommeo	givenname	0	1	
Baruch	givenname	0	1	
Bas	givenname	0	1	
Basil	givenname	0	1	
Basilius	givenname	0	1	
Bastian	givenname	0	1	
Bastienne	givenname	0	1	
Battista	givenname	0	1	
Batuhan	givenname	0	1	
Bayrak	givenname	0	1	
Beat	givenname	0	1	
Beate	givenname	0	1	
Beatrice	givenname	0	1	
Beatrix	givenname	0	1	
Behçet	givenname	0	1	
Behrouz	givenname	0	1	
Bekir	givenname	0	1	
Béla	givenname	0	1	
Belinda	givenname	0	1	
Ben	givenname	0	1	
Benedikt	givenname	0	1	
Benedykt	givenname	0	1	
Bengi	givenname	0	1	
Bengt	givenname	0	1	
Benito	givenname	0	1	
Benjamin	givenname	0	1	
Benno	givenname	0	1	
Beno	givenname	0	1	
Bent	givenname	0	1	
Bento	givenname	0	1	
Benvenuto	givenname	0	1	
Beppe	givenname	0	1	
Beppo	givenname	0	1	
Berit	givenname	0	1	
Berkan	givenname	0	1	
Berke	givenname	0	1	
Bernadette	givenname	0	1	
Bernat	givenname	0	1	
Bernd	givenname	0	1	
Bernhard	givenname	0	1	
Bernhild	givenname	0	1	
Bernold	givenname	0	1	
Bert	givenname	0	1	
Bertalan	givenname	0	1	
Bertel	givenname	0	1	
Berthold	givenname	0	1	
Bertil	givenname	0	1	
Bertold	givenname	0	1	
Bertrand	givenname	0	1	
Beryl	givenname	0	1	
Besim	givenname	0	1	
Betina	givenname	0	1	
Betsy	givenname	0	1	
Bettina	givenname	0	1	
Betty	givenname	0	1	
Betül	givenname	0	1	
Beverley	givenname	0	1	
Bezalel	givenname	0	1	
Biagio	givenname	0	1	
Bianca	givenname	0	1	
Bibi	givenname	0	1	
Bibiana	givenname	0	1	
Bijan	givenname	0	1	
Bilal	givenname	0	1	
Biljana	givenname	0	1	
Bill	givenname	0	1	
Binjamin	givenname	0	1	
Birger	givenname	0	1	
Birgit	givenname	0	1	
Birol	givenname	0	1	
Birte	givenname	0	1	
Bjarne	givenname	0	1	
Bjarni	givenname	0	1	
Bjartur	givenname	0	1	
Björk	givenname	0	1	
Bjørk	givenname	0	1	
Björn	givenname	0	1	
Bjørn	givenname	0	1	
Blagoja	givenname	0	1	
Blagoje	givenname	0	1	
Blanche	givenname	0	1	
Blasius	givenname	0	1	
Blažen	givenname	0	1	
Blaženka	givenname	0	1	
Bo	givenname	0	1	
Boaz	givenname	0	1	
Bob	givenname	0	1	
Bobbie	givenname	0	1	
Bodil	givenname	0	1	
Bodo	givenname	0	1	
Boethos	givenname	0	1	
Bogdan	givenname	0	1	
Bogna	givenname	0	1	
Bogusław	givenname	0	1	
Bohdan	givenname	0	1	
Bohumil	givenname	0	1	
Bojan	givenname	0	1	
Boleslaw	givenname	0	1	
Bonaventura	givenname	0	1	
Bonifatius	givenname	0	1	
Bonifaz	givenname	0	1	
Bora	givenname	0	1	
Borbora	givenname	0	1	
Börge	givenname	0	1	
Børge	givenname	0	1	
Boris	givenname	0	1	
Bořivoj	givenname	0	1	
Borja	givenname	0	1	
Börje	givenname	0	1	
Boros	givenname	0	1	
Borromäus	givenname	0	1	
Borut	givenname	0	1	
Botond	givenname	0	1	
Boubacar	givenname	0	1	
Boureima	givenname	0	1	
Božena	givenname	0	1	
Bradley	givenname	0	1	
Brandy	givenname	0	1	
Branislav	givenname	0	1	
Breandán	givenname	0	1	
Brenda	givenname	0	1	
Brendan	givenname	0	1	
Brent	givenname	0	1	
Brian	givenname	0	1	
Briana	givenname	0	1	
Brianna	givenname	0	1	
Bridget	givenname	0	1	
Brigitte	givenname	0	1	
Bringfriede	givenname	0	1	
Brita	givenname	0	1	
Britt	givenname	0	1	
Britta	givenname	0	1	
Brittany	givenname	0	1	
Bronisław	givenname	0	1	
Brooke	givenname	0	1	
Bruce	givenname	0	1	
Brun	givenname	0	1	
Brunhild	givenname	0	1	
Bruno	givenname	0	1	
Bryan	givenname	0	1	
Bud	givenname	0	1	
Budak	givenname	0	1	
Buenaventura	givenname	0	1	
Bulcsú	givenname	0	1	
Bülent	givenname	0	1	
Bulut	givenname	0	1	
Burak	givenname	0	1	
Burghard	givenname	0	1	
Burhan	givenname	0	1	
Burim	givenname	0	1	
Burkhard	givenname	0	1	
Büşra	givenname	0	1	
Busso	givenname	0	1	
Butes	givenname	0	1	
Cäcilie	givenname	0	1	
Caecilia	givenname	0	1	
Caesarius	givenname	0	1	
Çağatay	givenname	0	1	
Caio	givenname	0	1	
Caius	givenname	0	1	
Çakar	givenname	0	1	
Çakır	givenname	0	1	
Calle	givenname	0	1	
Callista	givenname	0	1	
Callum	givenname	0	1	
Calvin	givenname	0	1	
Cameron	givenname	0	1	
Camilla	givenname	0	1	
Camille	givenname	0	1	
Can	givenname	0	1	
Canan	givenname	0	1	
Candan	givenname	0	1	
Candice	givenname	0	1	
Candid	givenname	0	1	
Candida	givenname	0	1	
Candidus	givenname	0	1	
Caner	givenname	0	1	
Cansu	givenname	0	1	
Cara	givenname	0	1	
Carina	givenname	0	1	
Carles	givenname	0	1	
Carletta	givenname	0	1	
Carlo	givenname	0	1	
Carlos	givenname	0	1	
Carmelo	givenname	0	1	
Carmen	givenname	0	1	
Carmine	givenname	0	1	
Carol	givenname	0	1	
Caroline	givenname	0	1	
Carsten	givenname	0	1	
Carter	givenname	0	1	
Cathal	givenname	0	1	
Catharine	givenname	0	1	
Catherine	givenname	0	1	
Cavit	givenname	0	1	
Cécile	givenname	0	1	
Cedric	givenname	0	1	
Cédric	givenname	0	1	
Cees	givenname	0	1	
Celia	givenname	0	1	
Çelik	givenname	0	1	
Celina	givenname	0	1	
Céline	givenname	0	1	
Celso	givenname	0	1	
Cem	givenname	0	1	
Cemal	givenname	0	1	
Cemil	givenname	0	1	
Cemile	givenname	0	1	
Cengiz	givenname	0	1	
Cenk	givenname	0	1	
Cenred	givenname	0	1	
Ceolwulf	givenname	0	1	
César	givenname	0	1	
Cesare	givenname	0	1	
Çetin	givenname	0	1	
Cevat	givenname	0	1	
Cevdet	givenname	0	1	
Ceyhun	givenname	0	1	
Ceylan	givenname	0	1	
Cezary	givenname	0	1	
Chad	givenname	0	1	
Chadli	givenname	0	1	
Chaim	givenname	0	1	
Chalid	givenname	0	1	
Chantal	givenname	0	1	
Charlene	givenname	0	1	
Charles	givenname	0	1	
Charlotta	givenname	0	1	
Charlotte	givenname	0	1	
Chase	givenname	0	1	
Chauki	givenname	0	1	
Chay	givenname	0	1	
Chaz	givenname	0	1	
Chelidonis	givenname	0	1	
Chelsea	givenname	0	1	
Cherif	givenname	0	1	
Chérif	givenname	0	1	
Cherubino	givenname	0	1	
Cheryl	givenname	0	1	
Chesney	givenname	0	1	
Cheyenne	givenname	0	1	
Chiemo	givenname	0	1	
Chilonis	givenname	0	1	
Chlodwig	givenname	0	1	
Chloe	givenname	0	1	
Christa	givenname	0	1	
Christer	givenname	0	1	
Christian	givenname	0	1	
Christiane	givenname	0	1	
Christine	givenname	0	1	
Christoffer	givenname	0	1	
Christoph	givenname	0	1	
Christophe	givenname	0	1	
Christopher	givenname	0	1	
Chuck	givenname	0	1	
Cian	givenname	0	1	
Cianán	givenname	0	1	
Ciaran	givenname	0	1	
Ciarán	givenname	0	1	
Çiçek	givenname	0	1	
Çiftçi	givenname	0	1	
Çiğdem	givenname	0	1	
Cihan	givenname	0	1	
Cillian	givenname	0	1	
Cindy	givenname	0	1	
Ciwan	givenname	0	1	
Claire	givenname	0	1	
Clamor	givenname	0	1	
Cläre	givenname	0	1	
Claudia	givenname	0	1	
Claudio	givenname	0	1	
Cláudio	givenname	0	1	
Claudiu	givenname	0	1	
Clemens	givenname	0	1	
Clementine	givenname	0	1	
Cleo	givenname	0	1	
Clive	givenname	0	1	
Codruța	givenname	0	1	
Çolak	givenname	0	1	
Colin	givenname	0	1	
Colleen	givenname	0	1	
Colm	givenname	0	1	
Conan	givenname	0	1	
Conchita	givenname	0	1	
Connan	givenname	0	1	
Conor	givenname	0	1	
Conrad	givenname	0	1	
Constantia	givenname	0	1	
Constantijn	givenname	0	1	
Constanze	givenname	0	1	
Cor	givenname	0	1	
Cora	givenname	0	1	
Cord	givenname	0	1	
Cordelia	givenname	0	1	
Cordula	givenname	0	1	
Corinna	givenname	0	1	
Cormac	givenname	0	1	
Corneille	givenname	0	1	
Cornel	givenname	0	1	
Cornelia	givenname	0	1	
Cornelis	givenname	0	1	
Corneliu	givenname	0	1	
Cornelius	givenname	0	1	
Corrado	givenname	0	1	
Corvin	givenname	0	1	
Cosima	givenname	0	1	
Cosimo	givenname	0	1	
Coşkun	givenname	0	1	
Cosmin	givenname	0	1	
Courtland	givenname	0	1	
Courtlandt	givenname	0	1	
Craig	givenname	0	1	
Crispian	givenname	0	1	
Crispin	givenname	0	1	
Csaba	givenname	0	1	
Csanád	givenname	0	1	
Csilla	givenname	0	1	
Cuma	givenname	0	1	
Cüneyt	givenname	0	1	
Cuno	givenname	0	1	
Cuthred	givenname	0	1	
Cwichelm	givenname	0	1	
Cynthia	givenname	0	1	
Cyprien	givenname	0	1	
Cyrille	givenname	0	1	
Czesław	givenname	0	1	
Daan	givenname	0	1	
Dafydd	givenname	0	1	
Dagmar	givenname	0	1	
Dagny	givenname	0	1	
Dagobert	givenname	0	1	
Dainius	givenname	0	1	
Daisuke	givenname	0	1	
Daisy	givenname	0	1	
Dale	givenname	0	1	
Damian	givenname	0	1	
Damián	givenname	0	1	
Damien	givenname	0	1	
Damion	givenname	0	1	
Damir	givenname	0	1	
Dana	givenname	0	1	
Dani	givenname	0	1	
Danica	givenname	0	1	
Daniel	givenname	0	1	
Daniela	givenname	0	1	
Daniele	givenname	0	1	
Danièle	givenname	0	1	
Danielle	givenname	0	1	
Danijel	givenname	0	1	
Danilo	givenname	0	1	
Dankwart	givenname	0	1	
Danuta	givenname	0	1	
Daphne	givenname	0	1	
Daria	givenname	0	1	
Dario	givenname	0	1	
Darío	givenname	0	1	
Darius	givenname	0	1	
Dariush	givenname	0	1	
Darko	givenname	0	1	
Darlene	givenname	0	1	
Darren	givenname	0	1	
Darryl	givenname	0	1	
Daryl	givenname	0	1	
David	givenname	0	1	
Davide	givenname	0	1	
Davinder	givenname	0	1	
Davud	givenname	0	1	
Davut	givenname	0	1	
Dawda	givenname	0	1	
Dax	givenname	0	1	
Dean	givenname	0	1	
Debbie	givenname	0	1	
Debora	givenname	0	1	
Debra	givenname	0	1	
Decimus	givenname	0	1	
Declan	givenname	0	1	
Dedo	givenname	0	1	
Deepak	givenname	0	1	
Deirdre	givenname	0	1	
Dejan	givenname	0	1	
Delbert	givenname	0	1	
Delia	givenname	0	1	
Demba	givenname	0	1	
Demian	givenname	0	1	
Demir	givenname	0	1	
Dena	givenname	0	1	
Dénes	givenname	0	1	
Denis	givenname	0	1	
Denise	givenname	0	1	
Deniz	givenname	0	1	
Dennis	givenname	0	1	
Derek	givenname	0	1	
Derk	givenname	0	1	
Dermot	givenname	0	1	
Derrick	givenname	0	1	
Derya	givenname	0	1	
Desideria	givenname	0	1	
Desiderius	givenname	0	1	
Désirée	givenname	0	1	
Desmond	givenname	0	1	
Detlef	givenname	0	1	
Devon	givenname	0	1	
Dexter	givenname	0	1	
Diana	givenname	0	1	
Diarmaid	givenname	0	1	
Diarmuid	givenname	0	1	
Dídac	givenname	0	1	
Didier	givenname	0	1	
Diego	givenname	0	1	
Diemo	givenname	0	1	
Diemut	givenname	0	1	
Dieter	givenname	0	1	
Dietfried	givenname	0	1	
Diethelm	givenname	0	1	
Diethild	givenname	0	1	
Dietlind	givenname	0	1	
Dietlinde	givenname	0	1	
Dietmar	givenname	0	1	
Dietrich	givenname	0	1	
Dilara	givenname	0	1	
Dileep	givenname	0	1	
Dimitar	givenname	0	1	
Dimitra	givenname	0	1	
Dimitri	givenname	0	1	
Dina	givenname	0	1	
Dinesh	givenname	0	1	
Dino	givenname	0	1	
Dion	givenname	0	1	
Dionysios	givenname	0	1	
Dirk	givenname	0	1	
Ditte	givenname	0	1	
Dmitri	givenname	0	1	
Doğan	givenname	0	1	
Dolf	givenname	0	1	
Dölf	givenname	0	1	
Dolly	givenname	0	1	
Dolores	givenname	0	1	
Dolph	givenname	0	1	
Domas	givenname	0	1	
Domenico	givenname	0	1	
Domhnall	givenname	0	1	
Domingo	givenname	0	1	
Dominick	givenname	0	1	
Dominik	givenname	0	1	
Dominique	givenname	0	1	
Donal	givenname	0	1	
Dónal	givenname	0	1	
Donald	givenname	0	1	
Donata	givenname	0	1	
Donatus	givenname	0	1	
Dora	givenname	0	1	
Đorđe	givenname	0	1	
Doreen	givenname	0	1	
Dorian	givenname	0	1	
Dorieus	givenname	0	1	
Doris	givenname	0	1	
Dorkas	givenname	0	1	
Doro	givenname	0	1	
Dorota	givenname	0	1	
Dorothea	givenname	0	1	
Dorotheos	givenname	0	1	
Dorothy	givenname	0	1	
Dorrit	givenname	0	1	
Dörte	givenname	0	1	
Dorthe	givenname	0	1	
Douglas	givenname	0	1	
Dragan	givenname	0	1	
Dragana	givenname	0	1	
Dragutin	givenname	0	1	
Dren	givenname	0	1	
Dresel	givenname	0	1	
Driss	givenname	0	1	
Dschafar	givenname	0	1	
Dschamal	givenname	0	1	
Dschawad	givenname	0	1	
Duarte	givenname	0	1	
Duccio	givenname	0	1	
Duilio	givenname	0	1	
Duncan	givenname	0	1	
Dunja	givenname	0	1	
Durmuş	givenname	0	1	
Dursun	givenname	0	1	
Dušan	givenname	0	1	
Duško	givenname	0	1	
Dustin	givenname	0	1	
Dysis	givenname	0	1	
Dyveke	givenname	0	1	
Eadric	givenname	0	1	
Eadwulf	givenname	0	1	
Ealdberht	givenname	0	1	
Ealdred	givenname	0	1	
Ealhfrith	givenname	0	1	
Ealhmund	givenname	0	1	
Eamon	givenname	0	1	
Éamon	givenname	0	1	
Eamonn	givenname	0	1	
Eanfrith	givenname	0	1	
Ebbo	givenname	0	1	
Ebele	givenname	0	1	
Ebenezer	givenname	0	1	
Eberhard	givenname	0	1	
Ece	givenname	0	1	
Ecgberht	givenname	0	1	
Ecgfrith	givenname	0	1	
Eckbert	givenname	0	1	
Eckhardt	givenname	0	1	
Eckhart	givenname	0	1	
Ed	givenname	0	1	
Eda	givenname	0	1	
Edda	givenname	0	1	
Eddi	givenname	0	1	
Eddie	givenname	0	1	
Eddy	givenname	0	1	
Edelgard	givenname	0	1	
Edeltraud	givenname	0	1	
Eden	givenname	0	1	
Eder	givenname	0	1	
Éder	givenname	0	1	
Edgar	givenname	0	1	
Edhem	givenname	0	1	
Edi	givenname	0	1	
Edie	givenname	0	1	
Edin	givenname	0	1	
Edina	givenname	0	1	
Edita	givenname	0	1	
Edith	givenname	0	1	
Ediz	givenname	0	1	
Edmund	givenname	0	1	
Edmundas	givenname	0	1	
Edo	givenname	0	1	
Edoardo	givenname	0	1	
Edonjeta	givenname	0	1	
Édouard	givenname	0	1	
Eduard	givenname	0	1	
Eduardas	givenname	0	1	
Eduardo	givenname	0	1	
Edward	givenname	0	1	
Edwin	givenname	0	1	
Edy	givenname	0	1	
Edyta	givenname	0	1	
Edzard	givenname	0	1	
Eero	givenname	0	1	
Efraín	givenname	0	1	
Egbert	givenname	0	1	
Egidijus	givenname	0	1	
Egil	givenname	0	1	
Egill	givenname	0	1	
Egino	givenname	0	1	
Egle	givenname	0	1	
Eglė	givenname	0	1	
Egon	givenname	0	1	
Ehregott	givenname	0	1	
Ehsan	givenname	0	1	
Ehssan	givenname	0	1	
Ehud	givenname	0	1	
Eido	givenname	0	1	
Eiji	givenname	0	1	
Eik	givenname	0	1	
Eike	givenname	0	1	
Eileen	givenname	0	1	
Eilfried	givenname	0	1	
Eilhard	givenname	0	1	
Eilika	givenname	0	1	
Einar	givenname	0	1	
Eino	givenname	0	1	
Eitel	givenname	0	1	
Eithne	givenname	0	1	
Eka	givenname	0	1	
Ekaterina	givenname	0	1	
Ekaterine	givenname	0	1	
Ekkehard	givenname	0	1	
Ekrem	givenname	0	1	
Elaine	givenname	0	1	
Eleftherios	givenname	0	1	
Eleni	givenname	0	1	
Eleonore	givenname	0	1	
Elfriede	givenname	0	1	
Eli	givenname	0	1	
Elian	givenname	0	1	
Eliana	givenname	0	1	
Elias	givenname	0	1	
Elie	givenname	0	1	
Elieser	givenname	0	1	
Elif	givenname	0	1	
Elimar	givenname	0	1	
Elin	givenname	0	1	
Elín	givenname	0	1	
Elina	givenname	0	1	
Elio	givenname	0	1	
Elisa	givenname	0	1	
Elisabeth	givenname	0	1	
Elisha	givenname	0	1	
Elke	givenname	0	1	
Ellen	givenname	0	1	
Elli	givenname	0	1	
Elliott	givenname	0	1	
Elma	givenname	0	1	
Elmar	givenname	0	1	
Elmas	givenname	0	1	
Elmira	givenname	0	1	
Élodie	givenname	0	1	
Elsa	givenname	0	1	
Else	givenname	0	1	
Elvir	givenname	0	1	
Elvira	givenname	0	1	
Elvis	givenname	0	1	
Elżbieta	givenname	0	1	
Emanuel	givenname	0	1	
Emel	givenname	0	1	
Emelie	givenname	0	1	
Emer	givenname	0	1	
Emerentia	givenname	0	1	
Emicho	givenname	0	1	
Emil	givenname	0	1	
Emilia	givenname	0	1	
Emilie	givenname	0	1	
Emilio	givenname	0	1	
Emílio	givenname	0	1	
Emily	givenname	0	1	
Emin	givenname	0	1	
Emina	givenname	0	1	
Emine	givenname	0	1	
Emma	givenname	0	1	
Emmanuel	givenname	0	1	
Emmanuelle	givenname	0	1	
Emmeram	givenname	0	1	
Emmett	givenname	0	1	
Emöke	givenname	0	1	
Emre	givenname	0	1	
Enda	givenname	0	1	
Endellion	givenname	0	1	
Enes	givenname	0	1	
Engelbert	givenname	0	1	
Engelmar	givenname	0	1	
Engin	givenname	0	1	
Enid	givenname	0	1	
Enis	givenname	0	1	
Ennio	givenname	0	1	
Enno	givenname	0	1	
Eno	givenname	0	1	
Enoch	givenname	0	1	
Enric	givenname	0	1	
Enrico	givenname	0	1	
Enrique	givenname	0	1	
Enver	givenname	0	1	
Enzo	givenname	0	1	
Eoin	givenname	0	1	
Ephraim	givenname	0	1	
Epopeus	givenname	0	1	
Erasmus	givenname	0	1	
Erbil	givenname	0	1	
Ercan	givenname	0	1	
Erçetin	givenname	0	1	
Ercole	givenname	0	1	
Erdal	givenname	0	1	
Erdem	givenname	0	1	
Erden	givenname	0	1	
Erdene	givenname	0	1	
Erdmann	givenname	0	1	
Erdmute	givenname	0	1	
Erdoğan	givenname	0	1	
Eren	givenname	0	1	
Eréndira	givenname	0	1	
Ergün	givenname	0	1	
Erhan	givenname	0	1	
Erhard	givenname	0	1	
Eric	givenname	0	1	
Erica	givenname	0	1	
Erich	givenname	0	1	
Erik	givenname	0	1	
Erika	givenname	0	1	
Erin	givenname	0	1	
Erkan	givenname	0	1	
Erkki	givenname	0	1	
Erland	givenname	0	1	
Erlend	givenname	0	1	
Erlendur	givenname	0	1	
Ermin	givenname	0	1	
Erna	givenname	0	1	
Ernest	givenname	0	1	
Ernesta	givenname	0	1	
Ernesto	givenname	0	1	
Erni	givenname	0	1	
Ernst	givenname	0	1	
Eroğlu	givenname	0	1	
Erol	givenname	0	1	
Errol	givenname	0	1	
Erroll	givenname	0	1	
Ersin	givenname	0	1	
Ertan	givenname	0	1	
Ertuğrul	givenname	0	1	
Erwin	givenname	0	1	
Esad	givenname	0	1	
Esben	givenname	0	1	
Esin	givenname	0	1	
Eskil	givenname	0	1	
Esma	givenname	0	1	
Esmeralda	givenname	0	1	
Espen	givenname	0	1	
Esra	givenname	0	1	
Essad	givenname	0	1	
Estelle	givenname	0	1	
Estêvão	givenname	0	1	
Esther	givenname	0	1	
Ethel	givenname	0	1	
Ethem	givenname	0	1	
Ettore	givenname	0	1	
Euan	givenname	0	1	
Eudokia	givenname	0	1	
Eugen	givenname	0	1	
Eugene	givenname	0	1	
Eugène	givenname	0	1	
Eugenijus	givenname	0	1	
Eulalia	givenname	0	1	
Eunice	givenname	0	1	
Euphiletos	givenname	0	1	
Euphrasina	givenname	0	1	
Eurykrates	givenname	0	1	
Eurysthenes	givenname	0	1	
Eva	givenname	0	1	
Evangelia	givenname	0	1	
Evangelina	givenname	0	1	
Eve	givenname	0	1	
Ève	givenname	0	1	
Evegret	givenname	0	1	
Evelyn	givenname	0	1	
Evert	givenname	0	1	
Evi	givenname	0	1	
Evîn	givenname	0	1	
Evren	givenname	0	1	
Evrim	givenname	0	1	
Ewa	givenname	0	1	
Ewald	givenname	0	1	
Eyvind	givenname	0	1	
Ezio	givenname	0	1	
Ezzo	givenname	0	1	
Fabia	givenname	0	1	
Fabian	givenname	0	1	
Fabiano	givenname	0	1	
Fabienne	givenname	0	1	
Fabio	givenname	0	1	
Fábio	givenname	0	1	
Fabius	givenname	0	1	
Facundo	givenname	0	1	
Fajola	givenname	0	1	
Falk	givenname	0	1	
Falko	givenname	0	1	
Famke	givenname	0	1	
Fanchon	givenname	0	1	
Fanny	givenname	0	1	
Fanta	givenname	0	1	
Farid	givenname	0	1	
Farkas	givenname	0	1	
Fathi	givenname	0	1	
Fatih	givenname	0	1	
Fatima	givenname	0	1	
Fatma	givenname	0	1	
Fatmir	givenname	0	1	
Fatos	givenname	0	1	
Fatoş	givenname	0	1	
Faysal	givenname	0	1	
Fazıl	givenname	0	1	
Federico	givenname	0	1	
Fedora	givenname	0	1	
Fehmi	givenname	0	1	
Feissa	givenname	0	1	
Felice	givenname	0	1	
Felicitas	givenname	0	1	
Felicity	givenname	0	1	
Felip	givenname	0	1	
Felipe	givenname	0	1	
Felix	givenname	0	1	
Fenja	givenname	0	1	
Fenna	givenname	0	1	
Fennedine	givenname	0	1	
Feo	givenname	0	1	
Feodor	givenname	0	1	
Feodora	givenname	0	1	
Ferdi	givenname	0	1	
Ferdinand	givenname	0	1	
Ferenc	givenname	0	1	
Fereshteh	givenname	0	1	
Ferhat	givenname	0	1	
Ferit	givenname	0	1	
Fermin	givenname	0	1	
Fermín	givenname	0	1	
Fern	givenname	0	1	
Fernán	givenname	0	1	
Fernand	givenname	0	1	
Fernanda	givenname	0	1	
Ferran	givenname	0	1	
Ferris	givenname	0	1	
Fethullah	givenname	0	1	
Fevzi	givenname	0	1	
Fidel	givenname	0	1	
Fidelio	givenname	0	1	
Fiete	givenname	0	1	
Fikret	givenname	0	1	
Fikri	givenname	0	1	
Filip	givenname	0	1	
Filipe	givenname	0	1	
Filippo	givenname	0	1	
Finja	givenname	0	1	
Finlay	givenname	0	1	
Finn	givenname	0	1	
Fiona	givenname	0	1	
Fırat	givenname	0	1	
Firmin	givenname	0	1	
Firminus	givenname	0	1	
Fjodor	givenname	0	1	
Flamur	givenname	0	1	
Flavia	givenname	0	1	
Flavio	givenname	0	1	
Flávio	givenname	0	1	
Fleur	givenname	0	1	
Flo	givenname	0	1	
Flora	givenname	0	1	
Florence	givenname	0	1	
Florentin	givenname	0	1	
Florentina	givenname	0	1	
Florentine	givenname	0	1	
Florenz	givenname	0	1	
Florestan	givenname	0	1	
Florian	givenname	0	1	
Floribert	givenname	0	1	
Floyd	givenname	0	1	
Fluduald	givenname	0	1	
Folkert	givenname	0	1	
Fons	givenname	0	1	
Fotini	givenname	0	1	
Fouad	givenname	0	1	
Fran	givenname	0	1	
Frances	givenname	0	1	
Francesc	givenname	0	1	
Francesca	givenname	0	1	
Francesco	givenname	0	1	
Francine	givenname	0	1	
Francis	givenname	0	1	
Francisco	givenname	0	1	
Frančišek	givenname	0	1	
Franciszek	givenname	0	1	
Franck	givenname	0	1	
Franco	givenname	0	1	
François	givenname	0	1	
Françoise	givenname	0	1	
Franjo	givenname	0	1	
Frank	givenname	0	1	
Fränk	givenname	0	1	
Franklin	givenname	0	1	
František	givenname	0	1	
Franz	givenname	0	1	
Franziska	givenname	0	1	
Frauke	givenname	0	1	
Fred	givenname	0	1	
Freddie	givenname	0	1	
Freddy	givenname	0	1	
Frederick	givenname	0	1	
Frédérique	givenname	0	1	
Fredrik	givenname	0	1	
Freia	givenname	0	1	
Freimut	givenname	0	1	
Frerich	givenname	0	1	
Freya	givenname	0	1	
Frida	givenname	0	1	
Frido	givenname	0	1	
Fridolin	givenname	0	1	
Friðrik	givenname	0	1	
Fridtjof	givenname	0	1	
Frieda	givenname	0	1	
Friedemann	givenname	0	1	
Frieder	givenname	0	1	
Friederich	givenname	0	1	
Friederike	givenname	0	1	
Friedrich	givenname	0	1	
Frigyes	givenname	0	1	
Fritz	givenname	0	1	
Fritzi	givenname	0	1	
Frode	givenname	0	1	
Frowin	givenname	0	1	
Fuad	givenname	0	1	
Fuat	givenname	0	1	
Fulgence	givenname	0	1	
Fürchtegott	givenname	0	1	
Furio	givenname	0	1	
Furkan	givenname	0	1	
Gabino	givenname	0	1	
Gábor	givenname	0	1	
Gabriel	givenname	0	1	
Gabriele	givenname	0	1	
Gaetano	givenname	0	1	
Gaius	givenname	0	1	
Galeazzo	givenname	0	1	
Galina	givenname	0	1	
Gangolf	givenname	0	1	
Garibald	givenname	0	1	
Garret	givenname	0	1	
Garry	givenname	0	1	
Gaspare	givenname	0	1	
Gaston	givenname	0	1	
Gaudenz	givenname	0	1	
Gavin	givenname	0	1	
Gay	givenname	0	1	
Gaye	givenname	0	1	
Gaylord	givenname	0	1	
Gebhard	givenname	0	1	
Geert	givenname	0	1	
Gefion	givenname	0	1	
Geir	givenname	0	1	
Geirr	givenname	0	1	
Gemma	givenname	0	1	
Genc	givenname	0	1	
Gennadi	givenname	0	1	
Genoveva	givenname	0	1	
Geoff	givenname	0	1	
Geoffrey	givenname	0	1	
Geofreda	givenname	0	1	
Georg	givenname	0	1	
George	givenname	0	1	
Georges	givenname	0	1	
Georgi	givenname	0	1	
Georgia	givenname	0	1	
Gerald	givenname	0	1	
Geraldine	givenname	0	1	
Gerard	givenname	0	1	
Gerberga	givenname	0	1	
Gerbrand	givenname	0	1	
Gerda	givenname	0	1	
Gereon	givenname	0	1	
Gergely	givenname	0	1	
Gerhard	givenname	0	1	
Gerhart	givenname	0	1	
Gerhauß	givenname	0	1	
Gerhild	givenname	0	1	
Gerlinde	givenname	0	1	
Germain	givenname	0	1	
Germaine	givenname	0	1	
German	givenname	0	1	
Germana	givenname	0	1	
Germann	givenname	0	1	
Gernot	givenname	0	1	
Gero	givenname	0	1	
Gerold	givenname	0	1	
Gerrit	givenname	0	1	
Gerry	givenname	0	1	
Gerson	givenname	0	1	
Gertrud	givenname	0	1	
Gervais	givenname	0	1	
Gesche	givenname	0	1	
Gesine	givenname	0	1	
Géza	givenname	0	1	
Ghazal	givenname	0	1	
Gheorghe	givenname	0	1	
Gian	givenname	0	1	
Gianfranco	givenname	0	1	
Gianluca	givenname	0	1	
Gianluigi	givenname	0	1	
Gianmarco	givenname	0	1	
Gianni	givenname	0	1	
Gideon	givenname	0	1	
Gigi	givenname	0	1	
Gil	givenname	0	1	
Gilbert	givenname	0	1	
Gilberto	givenname	0	1	
Gilles	givenname	0	1	
Gillian	givenname	0	1	
Gina	givenname	0	1	
Ginette	givenname	0	1	
Ginger	givenname	0	1	
Ginny	givenname	0	1	
Gino	givenname	0	1	
Gintaras	givenname	0	1	
Gintarė	givenname	0	1	
Gintautas	givenname	0	1	
Giorgio	givenname	0	1	
Giovanni	givenname	0	1	
Gisbert	givenname	0	1	
Gisela	givenname	0	1	
Giselbert	givenname	0	1	
Gisele	givenname	0	1	
Giselher	givenname	0	1	
Gísli	givenname	0	1	
Giulia	givenname	0	1	
Giuseppe	givenname	0	1	
Gizur	givenname	0	1	
Gjon	givenname	0	1	
Glaukos	givenname	0	1	
Glenn	givenname	0	1	
Gloria	givenname	0	1	
Glyn	givenname	0	1	
Gnaeus	givenname	0	1	
Gniewomir	givenname	0	1	
Goar	givenname	0	1	
Godehard	givenname	0	1	
Goffredo	givenname	0	1	
Gojko	givenname	0	1	
Gökalp	givenname	0	1	
Gökay	givenname	0	1	
Gökhan	givenname	0	1	
Göktürk	givenname	0	1	
Gonthier	givenname	0	1	
Gonzalo	givenname	0	1	
Goran	givenname	0	1	
Gorgos	givenname	0	1	
Gösta	givenname	0	1	
Goswin	givenname	0	1	
Gottfried	givenname	0	1	
Gotthilf	givenname	0	1	
Gottlieb	givenname	0	1	
Gottschalk	givenname	0	1	
Götz	givenname	0	1	
Grace	givenname	0	1	
Graeme	givenname	0	1	
Graham	givenname	0	1	
Grant	givenname	0	1	
Grażyna	givenname	0	1	
Grega	givenname	0	1	
Gregor	givenname	0	1	
Gregorio	givenname	0	1	
Gregory	givenname	0	1	
Grellan	givenname	0	1	
Greta	givenname	0	1	
Gretchen	givenname	0	1	
Grete	givenname	0	1	
Gretel	givenname	0	1	
Gretha	givenname	0	1	
Grethe	givenname	0	1	
Grigorije	givenname	0	1	
Grimaldo	givenname	0	1	
Grimo	givenname	0	1	
Grimoald	givenname	0	1	
Griseldis	givenname	0	1	
Grit	givenname	0	1	
Grzegorz	givenname	0	1	
Guðmundur	givenname	0	1	
Gudrun	givenname	0	1	
Guðrún	givenname	0	1	
Gudula	givenname	0	1	
Guglielmo	givenname	0	1	
Guido	givenname	0	1	
Guillaume	givenname	0	1	
Guille	givenname	0	1	
Guillem	givenname	0	1	
Guillermo	givenname	0	1	
Guinevere	givenname	0	1	
Gülcan	givenname	0	1	
Güler	givenname	0	1	
Gülşah	givenname	0	1	
Gunda	givenname	0	1	
Gunde	givenname	0	1	
Gundel	givenname	0	1	
Gundela	givenname	0	1	
Gundelinde	givenname	0	1	
Gunder	givenname	0	1	
Gundi	givenname	0	1	
Gundo	givenname	0	1	
Gundula	givenname	0	1	
Gündüz	givenname	0	1	
Güner	givenname	0	1	
Güneş	givenname	0	1	
Güney	givenname	0	1	
Güngör	givenname	0	1	
Gunnar	givenname	0	1	
Gunter	givenname	0	1	
Günter	givenname	0	1	
Gunther	givenname	0	1	
Günther	givenname	0	1	
Guntram	givenname	0	1	
Gürbüz	givenname	0	1	
Gürkan	givenname	0	1	
Gus	givenname	0	1	
Gustaf	givenname	0	1	
Gustav	givenname	0	1	
Gustavo	givenname	0	1	
Gustl	givenname	0	1	
Guus	givenname	0	1	
Güven	givenname	0	1	
Guy	givenname	0	1	
Gvidas	givenname	0	1	
Gwen	givenname	0	1	
Gwendolin	givenname	0	1	
Gwenllian	givenname	0	1	
Gwyn	givenname	0	1	
Gwyneth	givenname	0	1	
Gwynn	givenname	0	1	
Gwynne	givenname	0	1	
Gyburg	givenname	0	1	
Gylfi	givenname	0	1	
Gyöngyvér	givenname	0	1	
György	givenname	0	1	
Gyula	givenname	0	1	
Haakon	givenname	0	1	
Habib	givenname	0	1	
Hadi	givenname	0	1	
Hadia	givenname	0	1	
Hadmar	givenname	0	1	
Hadrian	givenname	0	1	
Haidar	givenname	0	1	
Haimo	givenname	0	1	
Hajo	givenname	0	1	
Hakan	givenname	0	1	
Håkan	givenname	0	1	
Hakkı	givenname	0	1	
Hakon	givenname	0	1	
Håkon	givenname	0	1	
Hal	givenname	0	1	
Halef	givenname	0	1	
Halil	givenname	0	1	
Halima	givenname	0	1	
Halit	givenname	0	1	
Halldór	givenname	0	1	
Haluk	givenname	0	1	
Hamad	givenname	0	1	
Hamdi	givenname	0	1	
Hamed	givenname	0	1	
Hameed	givenname	0	1	
Hamid	givenname	0	1	
Hamish	givenname	0	1	
Hamit	givenname	0	1	
Hanako	givenname	0	1	
Handrij	givenname	0	1	
Hanefi	givenname	0	1	
Hanīf	givenname	0	1	
Hanna	givenname	0	1	
Hannah	givenname	0	1	
Hanne	givenname	0	1	
Hannelore	givenname	0	1	
Hannes	givenname	0	1	
Hanni	givenname	0	1	
Hannu	givenname	0	1	
Hans	givenname	0	1	
Hansel	givenname	0	1	
Hansi	givenname	0	1	
Hansjörg	givenname	0	1	
Hans-Jürgen	givenname	0	1	
Hansl	givenname	0	1	
Hans-Peter	givenname	0	1	
Hańža	givenname	0	1	
Hańžka	givenname	0	1	
Harald	givenname	0	1	
Harley	givenname	0	1	
Harri	givenname	0	1	
Harriet	givenname	0	1	
Harrison	givenname	0	1	
Harro	givenname	0	1	
Harry	givenname	0	1	
Hartmann	givenname	0	1	
Hartmut	givenname	0	1	
Hartwig	givenname	0	1	
Hartwin	givenname	0	1	
Harun	givenname	0	1	
Harvey	givenname	0	1	
Hashem	givenname	0	1	
Hashim	givenname	0	1	
Hassan	givenname	0	1	
Hassler	givenname	0	1	
Hasso	givenname	0	1	
Hatice	givenname	0	1	
Hatto	givenname	0	1	
Hauke	givenname	0	1	
Håvard	givenname	0	1	
Haydar	givenname	0	1	
Hayden	givenname	0	1	
Haymo	givenname	0	1	
Hayri	givenname	0	1	
Heahberht	givenname	0	1	
Heather	givenname	0	1	
Hector	givenname	0	1	
Héctor	givenname	0	1	
Hedda	givenname	0	1	
Hede	givenname	0	1	
Hedi	givenname	0	1	
Hedwig	givenname	0	1	
Heide	givenname	0	1	
Heidelinde	givenname	0	1	
Heidemarie	givenname	0	1	
Heidi	givenname	0	1	
Heidrun	givenname	0	1	
Heike	givenname	0	1	
Heikki	givenname	0	1	
Heiko	givenname	0	1	
Heilgard	givenname	0	1	
Heimo	givenname	0	1	
Hein	givenname	0	1	
Heini	givenname	0	1	
Heinrich	givenname	0	1	
Heinz	givenname	0	1	
Heio	givenname	0	1	
Helder	givenname	0	1	
Helena	givenname	0	1	
Helene	givenname	0	1	
Helfried	givenname	0	1	
Helga	givenname	0	1	
Helgard	givenname	0	1	
Helge	givenname	0	1	
Helgi	givenname	0	1	
Helgo	givenname	0	1	
Heliane	givenname	0	1	
Helke	givenname	0	1	
Hella	givenname	0	1	
Helle	givenname	0	1	
Helma	givenname	0	1	
Helmut	givenname	0	1	
Hemma	givenname	0	1	
Henads	givenname	0	1	
Hendrik	givenname	0	1	
Henk	givenname	0	1	
Hennadij	givenname	0	1	
Henner	givenname	0	1	
Hennes	givenname	0	1	
Hennig	givenname	0	1	
Henning	givenname	0	1	
Henny	givenname	0	1	
Henri	givenname	0	1	
Henriette	givenname	0	1	
Henrik	givenname	0	1	
Henrike	givenname	0	1	
Henrique	givenname	0	1	
Henry	givenname	0	1	
Hensel	givenname	0	1	
Herbert	givenname	0	1	
Herbie	givenname	0	1	
Herfried	givenname	0	1	
Heribert	givenname	0	1	
Hermann	givenname	0	1	
Hermine	givenname	0	1	
Heron	givenname	0	1	
Herrmann	givenname	0	1	
Hertha	givenname	0	1	
Herward	givenname	0	1	
Hieronymus	givenname	0	1	
Hikmet	givenname	0	1	
Hila	givenname	0	1	
Hilde	givenname	0	1	
Hildegard	givenname	0	1	
Hildegarde	givenname	0	1	
Hilke	givenname	0	1	
Hilko	givenname	0	1	
Hillebrand	givenname	0	1	
Hilmar	givenname	0	1	
Hilton	givenname	0	1	
Hiltrud	givenname	0	1	
Hinerk	givenname	0	1	
Hinnerk	givenname	0	1	
Hinrich	givenname	0	1	
Hippokoon	givenname	0	1	
Hippolytos	givenname	0	1	
Hipponoos	givenname	0	1	
Hiroki	givenname	0	1	
Hiroshi	givenname	0	1	
Hiroyuki	givenname	0	1	
Hitlerike	givenname	0	1	
Hjalmar	givenname	0	1	
Holger	givenname	0	1	
Homer	givenname	0	1	
Honza	givenname	0	1	
Hörður	givenname	0	1	
Horst	givenname	0	1	
Hosni	givenname	0	1	
Howard	givenname	0	1	
Huba	givenname	0	1	
Hubert	givenname	0	1	
Hubertine	givenname	0	1	
Hubertus	givenname	0	1	
Hudson	givenname	0	1	
Hugh	givenname	0	1	
Hugo	givenname	0	1	
Hülya	givenname	0	1	
Humbert	givenname	0	1	
Humphrey	givenname	0	1	
Hunter	givenname	0	1	
Hüseyin	givenname	0	1	
Husni	givenname	0	1	
Hüsni	givenname	0	1	
Hüsnü	givenname	0	1	
Huw	givenname	0	1	
Hynek	givenname	0	1	
Iain	givenname	0	1	
Ian	givenname	0	1	
Ib	givenname	0	1	
Iben	givenname	0	1	
Ibrahim	givenname	0	1	
İbrahim	givenname	0	1	
Ibtisam	givenname	0	1	
Ida	givenname	0	1	
Ido	givenname	0	1	
Idrissa	givenname	0	1	
Iga	givenname	0	1	
Ignas	givenname	0	1	
Ignaz	givenname	0	1	
Igor	givenname	0	1	
Ihor	givenname	0	1	
İhsan	givenname	0	1	
Iker	givenname	0	1	
Ildar	givenname	0	1	
İlhan	givenname	0	1	
Ilia	givenname	0	1	
Ilie	givenname	0	1	
Ilja	givenname	0	1	
Ilka	givenname	0	1	
İlkay	givenname	0	1	
İlker	givenname	0	1	
Ilkka	givenname	0	1	
Ilmar	givenname	0	1	
Ilmari	givenname	0	1	
Ilona	givenname	0	1	
Ilse	givenname	0	1	
Imants	givenname	0	1	
Imke	givenname	0	1	
Immanuel	givenname	0	1	
Imogen	givenname	0	1	
Imran	givenname	0	1	
Imre	givenname	0	1	
Ina	givenname	0	1	
Iñaki	givenname	0	1	
Indira	givenname	0	1	
Indre	givenname	0	1	
Indriði	givenname	0	1	
Ines	givenname	0	1	
Inez	givenname	0	1	
Inga	givenname	0	1	
Inge	givenname	0	1	
Ingeburg	givenname	0	1	
Ingmar	givenname	0	1	
Ingo	givenname	0	1	
Ingolf	givenname	0	1	
Ingrid	givenname	0	1	
Ingvar	givenname	0	1	
Inigo	givenname	0	1	
Iñigo	givenname	0	1	
Íñigo	givenname	0	1	
Inka	givenname	0	1	
Inken	givenname	0	1	
Inna	givenname	0	1	
Ioan	givenname	0	1	
Ioana	givenname	0	1	
Ion	givenname	0	1	
Iona	givenname	0	1	
Ionel	givenname	0	1	
Ionuț	givenname	0	1	
İpek	givenname	0	1	
Iqbal	givenname	0	1	
Ira	givenname	0	1	
İrem	givenname	0	1	
Irenäus	givenname	0	1	
Irene	givenname	0	1	
Irina	givenname	0	1	
Iris	givenname	0	1	
Irma	givenname	0	1	
Irmantas	givenname	0	1	
Irmela	givenname	0	1	
Irmgard	givenname	0	1	
Irmtraud	givenname	0	1	
Isaak	givenname	0	1	
Isabella	givenname	0	1	
Isadora	givenname	0	1	
Isao	givenname	0	1	
Ishaq	givenname	0	1	
Isidor	givenname	0	1	
Isidora	givenname	0	1	
Isidore	givenname	0	1	
Işık	givenname	0	1	
İskender	givenname	0	1	
Ismail	givenname	0	1	
İsmail	givenname	0	1	
Ismo	givenname	0	1	
Isolde	givenname	0	1	
Israel	givenname	0	1	
Itakayt	givenname	0	1	
Italia	givenname	0	1	
Italo	givenname	0	1	
Ivalu	givenname	0	1	
Ivan	givenname	0	1	
Iván	givenname	0	1	
Ivana	givenname	0	1	
Ivar	givenname	0	1	
Iven	givenname	0	1	
Iveta	givenname	0	1	
Iviša	givenname	0	1	
Ivo	givenname	0	1	
Ivy	givenname	0	1	
Iwajla	givenname	0	1	
Iwajlo	givenname	0	1	
Iwan	givenname	0	1	
Jaber	givenname	0	1	
Jacek	givenname	0	1	
Jack	givenname	0	1	
Jacob	givenname	0	1	
Jacqueline	givenname	0	1	
Jacques	givenname	0	1	
Jaden	givenname	0	1	
Jadranka	givenname	0	1	
Jagoda	givenname	0	1	
Jahn	givenname	0	1	
Jaime	givenname	0	1	
Jake	givenname	0	1	
Jakob	givenname	0	1	
Jakobäa	givenname	0	1	
Jakov	givenname	0	1	
Jakow	givenname	0	1	
Jakub	givenname	0	1	
Jalmari	givenname	0	1	
James	givenname	0	1	
Jamie	givenname	0	1	
Jamila	givenname	0	1	
Jan	givenname	0	1	
Ján	givenname	0	1	
Jana	givenname	0	1	
Jane	givenname	0	1	
Janet	givenname	0	1	
Janez	givenname	0	1	
Janice	givenname	0	1	
Janina	givenname	0	1	
Janine	givenname	0	1	
Janis	givenname	0	1	
Jānis	givenname	0	1	
Janka	givenname	0	1	
Janne	givenname	0	1	
Jannis	givenname	0	1	
János	givenname	0	1	
Janserey	givenname	0	1	
Janusz	givenname	0	1	
Jari	givenname	0	1	
Jarkko	givenname	0	1	
Jarmila	givenname	0	1	
Jaromar	givenname	0	1	
Jaroměr	givenname	0	1	
Jaromir	givenname	0	1	
Jaron	givenname	0	1	
Jaroslav	givenname	0	1	
Jaroslava	givenname	0	1	
Jarosława	givenname	0	1	
Jascha	givenname	0	1	
Jasinta	givenname	0	1	
Jasmin	givenname	0	1	
Jasmine	givenname	0	1	
Jason	givenname	0	1	
Jasper	givenname	0	1	
Jaume	givenname	0	1	
Javier	givenname	0	1	
Jay	givenname	0	1	
Jayden	givenname	0	1	
Jean	givenname	0	1	
Jeanette	givenname	0	1	
Jean-Luc	givenname	0	1	
Jeannette	givenname	0	1	
Jeannie	givenname	0	1	
Jedediah	givenname	0	1	
Jeff	givenname	0	1	
Jehan	givenname	0	1	
Jehoschua	givenname	0	1	
Jekaterina	givenname	0	1	
Jekuthiel	givenname	0	1	
Jeldrik	givenname	0	1	
Jelena	givenname	0	1	
Jelle	givenname	0	1	
Jemima	givenname	0	1	
Jenette	givenname	0	1	
Jenin	givenname	0	1	
Jenna	givenname	0	1	
Jennette	givenname	0	1	
Jennifer	givenname	0	1	
Jenny	givenname	0	1	
Jenö	givenname	0	1	
Jenő	givenname	0	1	
Jens	givenname	0	1	
Jeremias	givenname	0	1	
Jeremy	givenname	0	1	
Jermaine	givenname	0	1	
Jernej	givenname	0	1	
Jeroen	givenname	0	1	
Jerzy	givenname	0	1	
Jes	givenname	0	1	
Jeschu	givenname	0	1	
Jesko	givenname	0	1	
Jesper	givenname	0	1	
Jesse	givenname	0	1	
Jessica	givenname	0	1	
Jesus	givenname	0	1	
Jevrosim	givenname	0	1	
Jěwa	givenname	0	1	
Jimena	givenname	0	1	
Jimmy	givenname	0	1	
Jiří	givenname	0	1	
Jiřina	givenname	0	1	
Jiska	givenname	0	1	
Jitka	givenname	0	1	
Jo	givenname	0	1	
Jo.	givenname	0	1	
Joachim	givenname	0	1	
Joah	givenname	0	1	
Joakim	givenname	0	1	
Joan	givenname	0	1	
Joaquín	givenname	0	1	
Jockel	givenname	0	1	
Jodi	givenname	0	1	
Jodie	givenname	0	1	
Jodok	givenname	0	1	
Jody	givenname	0	1	
Joel	givenname	0	1	
Joël	givenname	0	1	
Joelle	givenname	0	1	
Jógvan	givenname	0	1	
Johann	givenname	0	1	
Johanna	givenname	0	1	
Johanne	givenname	0	1	
Johannes	givenname	0	1	
John	givenname	0	1	
Johnny	givenname	0	1	
Jōji	givenname	0	1	
Joksim	givenname	0	1	
Jolán	givenname	0	1	
Jolante	givenname	0	1	
Jomtow	givenname	0	1	
Jon	givenname	0	1	
Jón	givenname	0	1	
Jonah	givenname	0	1	
Jonas	givenname	0	1	
Jónas	givenname	0	1	
Jonatha	givenname	0	1	
Jonathan	givenname	0	1	
Jone	givenname	0	1	
Joni	givenname	0	1	
Jónína	givenname	0	1	
Jonne	givenname	0	1	
Jonny	givenname	0	1	
Joona	givenname	0	1	
Joonas	givenname	0	1	
Joost	givenname	0	1	
Joosten	givenname	0	1	
Jöran	givenname	0	1	
Jordan	givenname	0	1	
Jordi	givenname	0	1	
Jördis	givenname	0	1	
Jörg	givenname	0	1	
Jorge	givenname	0	1	
Jørgen	givenname	0	1	
Jorina	givenname	0	1	
Jorinde	givenname	0	1	
Joris	givenname	0	1	
Jorma	givenname	0	1	
Jörn	givenname	0	1	
Jørn	givenname	0	1	
Jorrit	givenname	0	1	
Josef	givenname	0	1	
Josefa	givenname	0	1	
Josep	givenname	0	1	
Josepha	givenname	0	1	
Josephina	givenname	0	1	
Josephine	givenname	0	1	
Joshua	givenname	0	1	
Josiah	givenname	0	1	
Josias	givenname	0	1	
Josip	givenname	0	1	
Joško	givenname	0	1	
Josua	givenname	0	1	
Jovan	givenname	0	1	
Jowanka	givenname	0	1	
Juan	givenname	0	1	
Juana	givenname	0	1	
Juda	givenname	0	1	
Judas	givenname	0	1	
Judith	givenname	0	1	
Juhan	givenname	0	1	
Juhani	givenname	0	1	
Jukka	givenname	0	1	
Jule	givenname	0	1	
Jules	givenname	0	1	
Julia	givenname	0	1	
Julian	givenname	0	1	
Juliana	givenname	0	1	
Juliane	givenname	0	1	
Jülide	givenname	0	1	
Julie	givenname	0	1	
Julien	givenname	0	1	
Julienne	givenname	0	1	
Juliette	givenname	0	1	
Julija	givenname	0	1	
Julika	givenname	0	1	
Julius	givenname	0	1	
Junia	givenname	0	1	
Juniper	givenname	0	1	
Junius	givenname	0	1	
Juraj	givenname	0	1	
Jure	givenname	0	1	
Jürg	givenname	0	1	
Jürgen	givenname	0	1	
Juri	givenname	0	1	
Jurij	givenname	0	1	
Jussara	givenname	0	1	
Justas	givenname	0	1	
Justin	givenname	0	1	
Justinas	givenname	0	1	
Justine	givenname	0	1	
Justo	givenname	0	1	
Justus	givenname	0	1	
Jutta	givenname	0	1	
Jütte	givenname	0	1	
Jyrki	givenname	0	1	
Jytte	givenname	0	1	
Kaare	givenname	0	1	
Kaarlo	givenname	0	1	
Kadaloh	givenname	0	1	
Kadir	givenname	0	1	
Kadri	givenname	0	1	
Kadriye	givenname	0	1	
Kaeso	givenname	0	1	
Kai	givenname	0	1	
Kaire	givenname	0	1	
Kais	givenname	0	1	
Kalle	givenname	0	1	
Kálmán	givenname	0	1	
Kaltrina	givenname	0	1	
Kamal	givenname	0	1	
Kamil	givenname	0	1	
Kamila	givenname	0	1	
Kamran	givenname	0	1	
Kannan	givenname	0	1	
Kaoru	givenname	0	1	
Karaduman	givenname	0	1	
Karanos	givenname	0	1	
Karataş	givenname	0	1	
Kåre	givenname	0	1	
Karekin	givenname	0	1	
Karel	givenname	0	1	
Karen	givenname	0	1	
Kari	givenname	0	1	
Karim	givenname	0	1	
Karin	givenname	0	1	
Karina	givenname	0	1	
Karine	givenname	0	1	
Karja	givenname	0	1	
Karl	givenname	0	1	
Karla	givenname	0	1	
Karl-Christian	givenname	0	1	
Karl-Heinz	givenname	0	1	
Karline	givenname	0	1	
Kārlis	givenname	0	1	
Karlmann	givenname	0	1	
Karol	givenname	0	1	
Karsten	givenname	0	1	
Kasimir	givenname	0	1	
Kaspar	givenname	0	1	
Kaspars	givenname	0	1	
Kassandra	givenname	0	1	
Kaštiliaš	givenname	0	1	
Katalin	givenname	0	1	
Kate	givenname	0	1	
Käte	givenname	0	1	
Katharina	givenname	0	1	
Käthe	givenname	0	1	
Kathy	givenname	0	1	
Katia	givenname	0	1	
Katie	givenname	0	1	
Katja	givenname	0	1	
Kauko	givenname	0	1	
Kavin	givenname	0	1	
Kaya	givenname	0	1	
Kâzım	givenname	0	1	
Kazimieras	givenname	0	1	
Kazuko	givenname	0	1	
Kazuo	givenname	0	1	
Kazys	givenname	0	1	
Kea	givenname	0	1	
Keanu	givenname	0	1	
Keenan	givenname	0	1	
Keiko	givenname	0	1	
Keita	givenname	0	1	
Kelemen	givenname	0	1	
Kelly	givenname	0	1	
Kemal	givenname	0	1	
Ken	givenname	0	1	
Kenan	givenname	0	1	
Kenichi	givenname	0	1	
Kenneth	givenname	0	1	
Kenny	givenname	0	1	
Kent	givenname	0	1	
Kerem	givenname	0	1	
Kersten	givenname	0	1	
Kerstin	givenname	0	1	
Kester	givenname	0	1	
Kęstutis	givenname	0	1	
Kevin	givenname	0	1	
Kezia	givenname	0	1	
Kieran	givenname	0	1	
Kiernan	givenname	0	1	
Kiko	givenname	0	1	
Kikuko	givenname	0	1	
Kilian	givenname	0	1	
Kılıç	givenname	0	1	
Kim	givenname	0	1	
Kimberly	givenname	0	1	
Kinga	givenname	0	1	
Kira	givenname	0	1	
Kıraç	givenname	0	1	
Kiran	givenname	0	1	
Kirk	givenname	0	1	
Kiro	givenname	0	1	
Kirsten	givenname	0	1	
Kirstin	givenname	0	1	
Kitty	givenname	0	1	
Kjeld	givenname	0	1	
Kjell	givenname	0	1	
Kjetil	givenname	0	1	
Klaas	givenname	0	1	
Klara	givenname	0	1	
Klaus	givenname	0	1	
Klemens	givenname	0	1	
Kleombrotos	givenname	0	1	
Kleomenes	givenname	0	1	
Knox	givenname	0	1	
Knut	givenname	0	1	
Koç	givenname	0	1	
Koen	givenname	0	1	
Koenraad	givenname	0	1	
Kofi	givenname	0	1	
Köksal	givenname	0	1	
Koloman	givenname	0	1	
Konrad	givenname	0	1	
Konstantin	givenname	0	1	
Koos	givenname	0	1	
Koray	givenname	0	1	
Korbinian	givenname	0	1	
Korla	givenname	0	1	
Koronos	givenname	0	1	
Kosmas	givenname	0	1	
Kosta	givenname	0	1	
Kostas	givenname	0	1	
Kreuzwendedich	givenname	0	1	
Kriemhild	givenname	0	1	
Kris	givenname	0	1	
Krister	givenname	0	1	
Kristian	givenname	0	1	
Kristján	givenname	0	1	
Kristoffer	givenname	0	1	
Krystyna	givenname	0	1	
Krzysztof	givenname	0	1	
Ksenija	givenname	0	1	
Kubilay	givenname	0	1	
Kumar	givenname	0	1	
Kunibert	givenname	0	1	
Kunigunde	givenname	0	1	
Kuno	givenname	0	1	
Kürşat	givenname	0	1	
Kurt	givenname	0	1	
Kurtuluş	givenname	0	1	
Kwadwo	givenname	0	1	
Kwame	givenname	0	1	
Kyanippos	givenname	0	1	
Kyle	givenname	0	1	
Kylie	givenname	0	1	
Kyösti	givenname	0	1	
Kyrill	givenname	0	1	
Kyros	givenname	0	1	
Labotas	givenname	0	1	
Lærke	givenname	0	1	
Laetitia	givenname	0	1	
Laila	givenname	0	1	
Lais	givenname	0	1	
Lajos	givenname	0	1	
Lambert	givenname	0	1	
Lamin	givenname	0	1	
Lamine	givenname	0	1	
Lamprecht	givenname	0	1	
Lana	givenname	0	1	
Lance	givenname	0	1	
Landelin	givenname	0	1	
Lara	givenname	0	1	
Larissa	givenname	0	1	
Lars	givenname	0	1	
Lasar	givenname	0	1	
Lasse	givenname	0	1	
László	givenname	0	1	
Latifa	givenname	0	1	
Laura	givenname	0	1	
Laurent	givenname	0	1	
Laurentius	givenname	0	1	
Lauri	givenname	0	1	
Laurie	givenname	0	1	
Laurynas	givenname	0	1	
Lawr	givenname	0	1	
Lazar	givenname	0	1	
Lazăr	givenname	0	1	
Lázár	givenname	0	1	
Lazare	givenname	0	1	
Lazarus	givenname	0	1	
Lea	givenname	0	1	
Leander	givenname	0	1	
Leandra	givenname	0	1	
Léandre	givenname	0	1	
Leandro	givenname	0	1	
Lech	givenname	0	1	
Leiderat	givenname	0	1	
Leif	givenname	0	1	
Leiv	givenname	0	1	
Lelex	givenname	0	1	
Lelio	givenname	0	1	
Lemuel	givenname	0	1	
Lena	givenname	0	1	
Leni	givenname	0	1	
Lenka	givenname	0	1	
Lenore	givenname	0	1	
Leo	givenname	0	1	
Leon	givenname	0	1	
Leona	givenname	0	1	
Leonard	givenname	0	1	
Leonardo	givenname	0	1	
Leonhard	givenname	0	1	
Leonidas	givenname	0	1	
Leonie	givenname	0	1	
Leonor	givenname	0	1	
Leonora	givenname	0	1	
Leonore	givenname	0	1	
Leontine	givenname	0	1	
Leopold	givenname	0	1	
Lerke	givenname	0	1	
Leutrim	givenname	0	1	
Lev	givenname	0	1	
Levent	givenname	0	1	
Levente	givenname	0	1	
Levi	givenname	0	1	
Levke	givenname	0	1	
Lewis	givenname	0	1	
Leyla	givenname	0	1	
Lia	givenname	0	1	
Liam	givenname	0	1	
Lian	givenname	0	1	
Liane	givenname	0	1	
Libertas	givenname	0	1	
Lidwina	givenname	0	1	
Lieke	givenname	0	1	
Lienhard	givenname	0	1	
Liesbeth	givenname	0	1	
Liese	givenname	0	1	
Lieven	givenname	0	1	
Lila	givenname	0	1	
Liliane	givenname	0	1	
Lilith	givenname	0	1	
Lilli	givenname	0	1	
Lina	givenname	0	1	
Linas	givenname	0	1	
Linda	givenname	0	1	
Linnea	givenname	0	1	
Linus	givenname	0	1	
Lioba	givenname	0	1	
Lionel	givenname	0	1	
Lior	givenname	0	1	
Liridon	givenname	0	1	
Lisa	givenname	0	1	
Lisanne	givenname	0	1	
Lisbeth	givenname	0	1	
Liselotte	givenname	0	1	
Liv	givenname	0	1	
Livia	givenname	0	1	
Livio	givenname	0	1	
Liviu	givenname	0	1	
Ljilja	givenname	0	1	
Ljiljana	givenname	0	1	
Ljubiša	givenname	0	1	
Ljubomir	givenname	0	1	
Ljubow	givenname	0	1	
Ljudmila	givenname	0	1	
Lloyd	givenname	0	1	
Lluís	givenname	0	1	
Loba	givenname	0	1	
Lodewijk	givenname	0	1	
Lola	givenname	0	1	
London	givenname	0	1	
Lope	givenname	0	1	
Lorcan	givenname	0	1	
Loredana	givenname	0	1	
Loreley	givenname	0	1	
Lorenz	givenname	0	1	
Lorenzo	givenname	0	1	
Loretta	givenname	0	1	
Lori	givenname	0	1	
Loris	givenname	0	1	
Lorraine	givenname	0	1	
Lothar	givenname	0	1	
Lotte	givenname	0	1	
Louis	givenname	0	1	
Lovro	givenname	0	1	
Lubina	givenname	0	1	
Lubomir	givenname	0	1	
Lubomír	givenname	0	1	
Ľubomír	givenname	0	1	
Luboš	givenname	0	1	
Ľuboš	givenname	0	1	
Luca	givenname	0	1	
Lucas	givenname	0	1	
Lucia	givenname	0	1	
Lucian	givenname	0	1	
Lucián	givenname	0	1	
Ľucián	givenname	0	1	
Luciano	givenname	0	1	
Lucien	givenname	0	1	
Luciën	givenname	0	1	
Lucius	givenname	0	1	
Ludger	givenname	0	1	
Ludmila	givenname	0	1	
Ludmiła	givenname	0	1	
Ludmilla	givenname	0	1	
Ludolf	givenname	0	1	
Ludwig	givenname	0	1	
Luigi	givenname	0	1	
Luigia	givenname	0	1	
Luis	givenname	0	1	
Luís	givenname	0	1	
Luise	givenname	0	1	
Luitgard	givenname	0	1	
Lukan	givenname	0	1	
Lukas	givenname	0	1	
Lukáš	givenname	0	1	
Luke	givenname	0	1	
Luna	givenname	0	1	
Lupita	givenname	0	1	
Lutz	givenname	0	1	
Lux	givenname	0	1	
Luzie	givenname	0	1	
Lydia	givenname	0	1	
Lykophron	givenname	0	1	
Lykos	givenname	0	1	
Lynn	givenname	0	1	
Ma	givenname	0	1	
Maarten	givenname	0	1	
Mabel	givenname	0	1	
Maciej	givenname	0	1	
Maddox	givenname	0	1	
Madison	givenname	0	1	
Madjid	givenname	0	1	
Madlena	givenname	0	1	
Madlenka	givenname	0	1	
Mads	givenname	0	1	
Mady	givenname	0	1	
Maeve	givenname	0	1	
Magd	givenname	0	1	
Magdalena	givenname	0	1	
Maggie	givenname	0	1	
Magnus	givenname	0	1	
Mahir	givenname	0	1	
Mahmud	givenname	0	1	
Mahmut	givenname	0	1	
Maia	givenname	0	1	
Maiga	givenname	0	1	
Maik	givenname	0	1	
Maike	givenname	0	1	
Maite	givenname	0	1	
Maja	givenname	0	1	
Makoto	givenname	0	1	
Malcolm	givenname	0	1	
Małgorzata	givenname	0	1	
Malik	givenname	0	1	
Malika	givenname	0	1	
Malin	givenname	0	1	
Malina	givenname	0	1	
Malinee	givenname	0	1	
Malte	givenname	0	1	
Malvin	givenname	0	1	
Malwine	givenname	0	1	
Mamadou	givenname	0	1	
Mamercus	givenname	0	1	
Mandy	givenname	0	1	
Manfred	givenname	0	1	
Manius	givenname	0	1	
Manja	givenname	0	1	
Manjusha	givenname	0	1	
Manu	givenname	0	1	
Manuel	givenname	0	1	
Manuela	givenname	0	1	
Mara	givenname	0	1	
Marat	givenname	0	1	
Marc	givenname	0	1	
Marcel	givenname	0	1	
Marcelino	givenname	0	1	
Marcella	givenname	0	1	
Marcellin	givenname	0	1	
Marcello	givenname	0	1	
Marcellus	givenname	0	1	
Marcelo	givenname	0	1	
Marcia	givenname	0	1	
Marco	givenname	0	1	
Mareen	givenname	0	1	
Marei	givenname	0	1	
Mareike	givenname	0	1	
Mareile	givenname	0	1	
Mareke	givenname	0	1	
Maren	givenname	0	1	
Maresa	givenname	0	1	
Maret	givenname	0	1	
Margaret	givenname	0	1	
Margarete	givenname	0	1	
Margery	givenname	0	1	
Margot	givenname	0	1	
Margret	givenname	0	1	
Marguerite	givenname	0	1	
Maria	givenname	0	1	
Mariama	givenname	0	1	
Marian	givenname	0	1	
Marián	givenname	0	1	
Mariann	givenname	0	1	
Marianne	givenname	0	1	
Mariano	givenname	0	1	
Marie	givenname	0	1	
Marie-Jeanne	givenname	0	1	
Marieke	givenname	0	1	
Mariella	givenname	0	1	
Marie-Theres	givenname	0	1	
Marietta	givenname	0	1	
Marija	givenname	0	1	
Marilyn	givenname	0	1	
Marin	givenname	0	1	
Marina	givenname	0	1	
Marinko	givenname	0	1	
Marinus	givenname	0	1	
Mario	givenname	0	1	
Marion	givenname	0	1	
Marisa	givenname	0	1	
Marit	givenname	0	1	
Marita	givenname	0	1	
Maritta	givenname	0	1	
Marius	givenname	0	1	
Marja	givenname	0	1	
Marjana	givenname	0	1	
Marjorie	givenname	0	1	
Mark	givenname	0	1	
Markku	givenname	0	1	
Marko	givenname	0	1	
Markus	givenname	0	1	
Marleen	givenname	0	1	
Marlies	givenname	0	1	
Marlo	givenname	0	1	
Marlon	givenname	0	1	
Marnie	givenname	0	1	
Marnix	givenname	0	1	
Marshall	givenname	0	1	
Märta	givenname	0	1	
Mårten	givenname	0	1	
Martha	givenname	0	1	
Märtha	givenname	0	1	
Marthe	givenname	0	1	
Martin	givenname	0	1	
Martina	givenname	0	1	
Martine	givenname	0	1	
Márton	givenname	0	1	
Martti	givenname	0	1	
Marvin	givenname	0	1	
Marx	givenname	0	1	
Mary	givenname	0	1	
Maryam	givenname	0	1	
Maryse	givenname	0	1	
Marysia	givenname	0	1	
Marzena	givenname	0	1	
Masahiro	givenname	0	1	
Masahito	givenname	0	1	
Masako	givenname	0	1	
Mascha	givenname	0	1	
Massimiliano	givenname	0	1	
Masud	givenname	0	1	
Máté	givenname	0	1	
Matej	givenname	0	1	
Matěj	givenname	0	1	
Mateja	givenname	0	1	
Mateusz	givenname	0	1	
Mathilde	givenname	0	1	
Matjaž	givenname	0	1	
Mato	givenname	0	1	
Mats	givenname	0	1	
Matt	givenname	0	1	
Mattan	givenname	0	1	
Mattea	givenname	0	1	
Matteo	givenname	0	1	
Matthäus	givenname	0	1	
Matthias	givenname	0	1	
Matti	givenname	0	1	
Mattia	givenname	0	1	
Matts	givenname	0	1	
Maud	givenname	0	1	
Mauri	givenname	0	1	
Maurice	givenname	0	1	
Maurits	givenname	0	1	
Maurizio	givenname	0	1	
Mauro	givenname	0	1	
Maurus	givenname	0	1	
Maxence	givenname	0	1	
Maxime	givenname	0	1	
Maximilian	givenname	0	1	
Maximiliane	givenname	0	1	
Maximus	givenname	0	1	
May	givenname	0	1	
Maya	givenname	0	1	
Mbaye	givenname	0	1	
Meara	givenname	0	1	
Mechthild	givenname	0	1	
Medard	givenname	0	1	
Meena	givenname	0	1	
Megan	givenname	0	1	
Mégane	givenname	0	1	
Mehmet	givenname	0	1	
Mehrdad	givenname	0	1	
Mehrzad	givenname	0	1	
Meiko	givenname	0	1	
Meinhard	givenname	0	1	
Meinhart	givenname	0	1	
Meinolf	givenname	0	1	
Mela	givenname	0	1	
Melanie	givenname	0	1	
Melchior	givenname	0	1	
Melina	givenname	0	1	
Meline	givenname	0	1	
Melis	givenname	0	1	
Melisende	givenname	0	1	
Melissa	givenname	0	1	
Melitta	givenname	0	1	
Memduh	givenname	0	1	
Mena	givenname	0	1	
Mendel	givenname	0	1	
Menne	givenname	0	1	
Menno	givenname	0	1	
Menzies	givenname	0	1	
Merab	givenname	0	1	
Meral	givenname	0	1	
Mercedes	givenname	0	1	
Meredith	givenname	0	1	
Meret	givenname	0	1	
Merete	givenname	0	1	
Mergim	givenname	0	1	
Mërgim	givenname	0	1	
Merian	givenname	0	1	
Merit	givenname	0	1	
Merrit	givenname	0	1	
Mert	givenname	0	1	
Mervyn	givenname	0	1	
Meryl	givenname	0	1	
Messapos	givenname	0	1	
Mesut	givenname	0	1	
Meta	givenname	0	1	
Mete	givenname	0	1	
Metella	givenname	0	1	
Metello	givenname	0	1	
Metin	givenname	0	1	
Mette	givenname	0	1	
Mia	givenname	0	1	
Micaela	givenname	0	1	
Micha	givenname	0	1	
Michael	givenname	0	1	
Michaela	givenname	0	1	
Michail	givenname	0	1	
Michal	givenname	0	1	
Mícheál	givenname	0	1	
Michel	givenname	0	1	
Michela	givenname	0	1	
Michelangelo	givenname	0	1	
Michele	givenname	0	1	
Michèle	givenname	0	1	
Micheline	givenname	0	1	
Michelle	givenname	0	1	
Mick	givenname	0	1	
Mickey	givenname	0	1	
Micol	givenname	0	1	
Mieke	givenname	0	1	
Mieszko	givenname	0	1	
Miguel	givenname	0	1	
Mihaela	givenname	0	1	
Mihai	givenname	0	1	
Mihály	givenname	0	1	
Mihkel	givenname	0	1	
Miika	givenname	0	1	
Miikka	givenname	0	1	
Mika	givenname	0	1	
Mikael	givenname	0	1	
Mikail	givenname	0	1	
Mikk	givenname	0	1	
Mikkel	givenname	0	1	
Mikko	givenname	0	1	
Mikławš	givenname	0	1	
Miklós	givenname	0	1	
Mikołaj	givenname	0	1	
Miksa	givenname	0	1	
Mikuláš	givenname	0	1	
Mila	givenname	0	1	
Milan	givenname	0	1	
Mildred	givenname	0	1	
Milena	givenname	0	1	
Miley	givenname	0	1	
Milka	givenname	0	1	
Milla	givenname	0	1	
Millicent	givenname	0	1	
Milonja	givenname	0	1	
Milorad	givenname	0	1	
Miloš	givenname	0	1	
Minik	givenname	0	1	
Minoru	givenname	0	1	
Mio	givenname	0	1	
Miquel	givenname	0	1	
Mira	givenname	0	1	
Miralem	givenname	0	1	
Miranda	givenname	0	1	
Mircea	givenname	0	1	
Miriam	givenname	0	1	
Mirja	givenname	0	1	
Mirka	givenname	0	1	
Mirko	givenname	0	1	
Mirosława	givenname	0	1	
Mirza	givenname	0	1	
Misao	givenname	0	1	
Mischa	givenname	0	1	
Mithridates	givenname	0	1	
Mitja	givenname	0	1	
Mladen	givenname	0	1	
Moana	givenname	0	1	
Modestus	givenname	0	1	
Modibo	givenname	0	1	
Moe	givenname	0	1	
Mogens	givenname	0	1	
Mohammed	givenname	0	1	
Mohsen	givenname	0	1	
Moisés	givenname	0	1	
Moisès	givenname	0	1	
Moishe	givenname	0	1	
Moll	givenname	0	1	
Molly	givenname	0	1	
Momme	givenname	0	1	
Momodou	givenname	0	1	
Mona	givenname	0	1	
Moncef	givenname	0	1	
Möngke	givenname	0	1	
Monika	givenname	0	1	
Monique	givenname	0	1	
Montgomery	givenname	0	1	
Morgan	givenname	0	1	
Moritz	givenname	0	1	
Morris	givenname	0	1	
Morten	givenname	0	1	
Mosche	givenname	0	1	
Mourad	givenname	0	1	
Mstislaw	givenname	0	1	
Muhittin	givenname	0	1	
Muhsin	givenname	0	1	
Munir	givenname	0	1	
Munira	givenname	0	1	
Murad	givenname	0	1	
Murat	givenname	0	1	
Muriel	givenname	0	1	
Murray	givenname	0	1	
Mustafa	givenname	0	1	
Mutlu	givenname	0	1	
Muzaffer	givenname	0	1	
My	givenname	0	1	
Myfanwy	givenname	0	1	
Mykola	givenname	0	1	
Myron	givenname	0	1	
Nabil	givenname	0	1	
Nadeschda	givenname	0	1	
Nadine	givenname	0	1	
Nadja	givenname	0	1	
Nafisa	givenname	0	1	
Nafissatou	givenname	0	1	
Nagesh	givenname	0	1	
Naglis	givenname	0	1	
Nahed	givenname	0	1	
Na'im	givenname	0	1	
Naim	givenname	0	1	
Nancy	givenname	0	1	
Nando	givenname	0	1	
Nándor	givenname	0	1	
Nanuk	givenname	0	1	
Naoto	givenname	0	1	
Narcís	givenname	0	1	
Narciso	givenname	0	1	
Narelle	givenname	0	1	
Nasri	givenname	0	1	
Nasrin	givenname	0	1	
Natalie	givenname	0	1	
Natanael	givenname	0	1	
Natascha	givenname	0	1	
Nate	givenname	0	1	
Nathan	givenname	0	1	
Nathanael	givenname	0	1	
Nathanja	givenname	0	1	
Natmir	givenname	0	1	
Nauplios	givenname	0	1	
Nazan	givenname	0	1	
Nazmi	givenname	0	1	
Nebojša	givenname	0	1	
Necati	givenname	0	1	
Necdet	givenname	0	1	
Necip	givenname	0	1	
Necla	givenname	0	1	
Necmettin	givenname	0	1	
Neda	givenname	0	1	
Nedim	givenname	0	1	
Nedime	givenname	0	1	
Nedo	givenname	0	1	
Neil	givenname	0	1	
Neithard	givenname	0	1	
Nektarios	givenname	0	1	
Nele	givenname	0	1	
Nelly	givenname	0	1	
Nelson	givenname	0	1	
Nenad	givenname	0	1	
Nepomuk	givenname	0	1	
Neslihan	givenname	0	1	
Nesrin	givenname	0	1	
Nessa	givenname	0	1	
Neven	givenname	0	1	
Nevin	givenname	0	1	
Nevio	givenname	0	1	
Nevzat	givenname	0	1	
Nhi	givenname	0	1	
Nia	givenname	0	1	
Niall	givenname	0	1	
Niamh	givenname	0	1	
Niccolò	givenname	0	1	
Nicholas	givenname	0	1	
Nick	givenname	0	1	
Nicki	givenname	0	1	
Nicklas	givenname	0	1	
Nicky	givenname	0	1	
Niclas	givenname	0	1	
Nico	givenname	0	1	
Nicola	givenname	0	1	
Nicolaas	givenname	0	1	
Nicolae	givenname	0	1	
Nicolai	givenname	0	1	
Nicolas	givenname	0	1	
Nicolau	givenname	0	1	
Nicolaus	givenname	0	1	
Nicole	givenname	0	1	
Nigel	givenname	0	1	
Nihat	givenname	0	1	
Nijolė	givenname	0	1	
Nike	givenname	0	1	
Nikhil	givenname	0	1	
Niki	givenname	0	1	
Nikita	givenname	0	1	
Nikki	givenname	0	1	
Nikky	givenname	0	1	
Niklas	givenname	0	1	
Niklaus	givenname	0	1	
Nikodemus	givenname	0	1	
Nikola	givenname	0	1	
Nikolai	givenname	0	1	
Nikolaos	givenname	0	1	
Nikolaus	givenname	0	1	
Nikoleta	givenname	0	1	
Nikoletta	givenname	0	1	
Nikomedes	givenname	0	1	
Nila	givenname	0	1	
Nilofar	givenname	0	1	
Nils	givenname	0	1	
Nilüfer	givenname	0	1	
Nima	givenname	0	1	
Nina	givenname	0	1	
Nino	givenname	0	1	
Nisa	givenname	0	1	
Nisha	givenname	0	1	
Niusha	givenname	0	1	
Nives	givenname	0	1	
Nizamettin	givenname	0	1	
Nizar	givenname	0	1	
Noah	givenname	0	1	
Noam	givenname	0	1	
Nobuko	givenname	0	1	
Noël	givenname	0	1	
Noëlle	givenname	0	1	
Noemi	givenname	0	1	
Nora	givenname	0	1	
Norbert	givenname	0	1	
Norman	givenname	0	1	
Nothhelm	givenname	0	1	
Notker	givenname	0	1	
Numerius	givenname	0	1	
Nuno	givenname	0	1	
Nuño	givenname	0	1	
Nunzio	givenname	0	1	
Núria	givenname	0	1	
Nursel	givenname	0	1	
Nyota	givenname	0	1	
Obadja	givenname	0	1	
Obed	givenname	0	1	
Obrad	givenname	0	1	
Ocke	givenname	0	1	
Oda	givenname	0	1	
Odd	givenname	0	1	
Odette	givenname	0	1	
Odo	givenname	0	1	
Odoardo	givenname	0	1	
Ödön	givenname	0	1	
Oelfke	givenname	0	1	
Ognjen	givenname	0	1	
Ognjena	givenname	0	1	
Ogün	givenname	0	1	
Oğuz	givenname	0	1	
Oğuzhan	givenname	0	1	
Oibalos	givenname	0	1	
Okan	givenname	0	1	
Okatan	givenname	0	1	
Okay	givenname	0	1	
Oksana	givenname	0	1	
Oktavian	givenname	0	1	
Oktay	givenname	0	1	
Öktem	givenname	0	1	
Okur	givenname	0	1	
Okyay	givenname	0	1	
Ola	givenname	0	1	
Olaf	givenname	0	1	
Ólafur	givenname	0	1	
Olav	givenname	0	1	
Olavi	givenname	0	1	
Olcay	givenname	0	1	
Oldwig	givenname	0	1	
Ole	givenname	0	1	
Oleg	givenname	0	1	
Oleh	givenname	0	1	
Olfa	givenname	0	1	
Olga	givenname	0	1	
Olis	givenname	0	1	
Oliver	givenname	0	1	
Olivera	givenname	0	1	
Olivia	givenname	0	1	
Olivier	givenname	0	1	
Olle	givenname	0	1	
Olof	givenname	0	1	
Oluf	givenname	0	1	
Olympe	givenname	0	1	
Olympia	givenname	0	1	
Omari	givenname	0	1	
Ömer	givenname	0	1	
Önder	givenname	0	1	
Onno	givenname	0	1	
Onuphrius	givenname	0	1	
Onur	givenname	0	1	
Oona	givenname	0	1	
Oran	givenname	0	1	
Oranna	givenname	0	1	
Oren	givenname	0	1	
Oreste	givenname	0	1	
Orhan	givenname	0	1	
Oriana	givenname	0	1	
Oriol	givenname	0	1	
Ortrud	givenname	0	1	
Ortwin	givenname	0	1	
Oskar	givenname	0	1	
Oslac	givenname	0	1	
Osman	givenname	0	1	
Osmar	givenname	0	1	
Osric	givenname	0	1	
Ossip	givenname	0	1	
Ostoja	givenname	0	1	
Oswald	givenname	0	1	
Oswin	givenname	0	1	
Othar	givenname	0	1	
Otis	givenname	0	1	
Otmar	givenname	0	1	
Otso	givenname	0	1	
Ottfried	givenname	0	1	
Ottilia	givenname	0	1	
Ottilie	givenname	0	1	
Otto	givenname	0	1	
Ottokar	givenname	0	1	
Ottorino	givenname	0	1	
Ötüken	givenname	0	1	
Ouattara	givenname	0	1	
Oumou	givenname	0	1	
Ousman	givenname	0	1	
Ousmane	givenname	0	1	
Oussama	givenname	0	1	
Ove	givenname	0	1	
Owen	givenname	0	1	
Oya	givenname	0	1	
Ozan	givenname	0	1	
Özay	givenname	0	1	
Özcan	givenname	0	1	
Özden	givenname	0	1	
Özen	givenname	0	1	
Özer	givenname	0	1	
Özge	givenname	0	1	
Özgür	givenname	0	1	
Özhan	givenname	0	1	
Özkan	givenname	0	1	
Özkök	givenname	0	1	
Özlem	givenname	0	1	
Ozren	givenname	0	1	
Öztürk	givenname	0	1	
Paavo	givenname	0	1	
Pablo	givenname	0	1	
Pádraic	givenname	0	1	
Pádraig	givenname	0	1	
Päivi	givenname	0	1	
Pajtim	givenname	0	1	
Pál	givenname	0	1	
Páll	givenname	0	1	
Pamela	givenname	0	1	
Pantaleon	givenname	0	1	
Paolo	givenname	0	1	
Pär	givenname	0	1	
Paraskeva	givenname	0	1	
Paraskevi	givenname	0	1	
Parastou	givenname	0	1	
Paris	givenname	0	1	
Parmida	givenname	0	1	
Parviz	givenname	0	1	
Pascal	givenname	0	1	
Pascale	givenname	0	1	
Patrice	givenname	0	1	
Patricia	givenname	0	1	
Patricius	givenname	0	1	
Patrick	givenname	0	1	
Pau	givenname	0	1	
Paul	givenname	0	1	
Paula	givenname	0	1	
Paulette	givenname	0	1	
Pauline	givenname	0	1	
Paulinho	givenname	0	1	
Paulius	givenname	0	1	
Pausanias	givenname	0	1	
Pavao	givenname	0	1	
Pavle	givenname	0	1	
Pawoł	givenname	0	1	
Pedro	givenname	0	1	
Peer	givenname	0	1	
Peeter	givenname	0	1	
Pegah	givenname	0	1	
Peggy	givenname	0	1	
Peithon	givenname	0	1	
Pejman	givenname	0	1	
Pekka	givenname	0	1	
Penelope	givenname	0	1	
Pentti	givenname	0	1	
Peppone	givenname	0	1	
Per	givenname	0	1	
Percy	givenname	0	1	
Peregrin	givenname	0	1	
Periander	givenname	0	1	
Perieres	givenname	0	1	
Perihan	givenname	0	1	
Pernilla	givenname	0	1	
Pernille	givenname	0	1	
Perry	givenname	0	1	
Pertti	givenname	0	1	
Perun	givenname	0	1	
Peter	givenname	0	1	
Petra	givenname	0	1	
Petras	givenname	0	1	
Petrissa	givenname	0	1	
Petronella	givenname	0	1	
Petrus	givenname	0	1	
Petter	givenname	0	1	
Peyman	givenname	0	1	
Phalkes	givenname	0	1	
Phelan	givenname	0	1	
Philaios	givenname	0	1	
Philemon	givenname	0	1	
Philine	givenname	0	1	
Philipp	givenname	0	1	
Philippa	givenname	0	1	
Philomena	givenname	0	1	
Phoebe	givenname	0	1	
Pia	givenname	0	1	
Piero	givenname	0	1	
Pierret	givenname	0	1	
Piet	givenname	0	1	
Pietro	givenname	0	1	
Pikria	givenname	0	1	
Pilar	givenname	0	1	
Pim	givenname	0	1	
Pınar	givenname	0	1	
Pinchas	givenname	0	1	
Pinkus	givenname	0	1	
Piotr	givenname	0	1	
Pippa	givenname	0	1	
Pippin	givenname	0	1	
Pir	givenname	0	1	
Pirkko	givenname	0	1	
Pirmin	givenname	0	1	
Piroschka	givenname	0	1	
Pit	givenname	0	1	
Pius	givenname	0	1	
Pjotr	givenname	0	1	
Polina	givenname	0	1	
Polly	givenname	0	1	
Polydoros	givenname	0	1	
Polykarp	givenname	0	1	
Pontius	givenname	0	1	
Pontus	givenname	0	1	
Prakash	givenname	0	1	
Pranas	givenname	0	1	
Predrag	givenname	0	1	
Priscilla	givenname	0	1	
Priska	givenname	0	1	
Priya	givenname	0	1	
Prosper	givenname	0	1	
Prospero	givenname	0	1	
Protasius	givenname	0	1	
Publius	givenname	0	1	
Pugal	givenname	0	1	
Queenie	givenname	0	1	
Quentin	givenname	0	1	
Quido	givenname	0	1	
Quim	givenname	0	1	
Quinn	givenname	0	1	
Quintus	givenname	0	1	
Quique	givenname	0	1	
Quirin	givenname	0	1	
Quirine	givenname	0	1	
Qusai	givenname	0	1	
Rabah	givenname	0	1	
Rabea	givenname	0	1	
Rabie	givenname	0	1	
Rachel	givenname	0	1	
Rade	givenname	0	1	
Radomir	givenname	0	1	
Radu	givenname	0	1	
Raffaele	givenname	0	1	
Rafik	givenname	0	1	
Rafiki	givenname	0	1	
Rafiq	givenname	0	1	
Ragip	givenname	0	1	
Ragıp	givenname	0	1	
Ragna	givenname	0	1	
Ragnar	givenname	0	1	
Ragnhild	givenname	0	1	
Rahim	givenname	0	1	
Rahul	givenname	0	1	
Raimond	givenname	0	1	
Raimund	givenname	0	1	
Rainald	givenname	0	1	
Rainer	givenname	0	1	
Rainhard	givenname	0	1	
Raissa	givenname	0	1	
Raivis	givenname	0	1	
Raj	givenname	0	1	
Rajana	givenname	0	1	
Rajendra	givenname	0	1	
Rajiv	givenname	0	1	
Rajko	givenname	0	1	
Ralf	givenname	0	1	
Ralph	givenname	0	1	
Rambo	givenname	0	1	
Rambold	givenname	0	1	
Rami	givenname	0	1	
Ramin	givenname	0	1	
Ramona	givenname	0	1	
Ramtin	givenname	0	1	
Rana	givenname	0	1	
Randolf	givenname	0	1	
Ranulph	givenname	0	1	
Raoul	givenname	0	1	
Raphael	givenname	0	1	
Rapoto	givenname	0	1	
Rasim	givenname	0	1	
Rasmus	givenname	0	1	
Rasso	givenname	0	1	
Ratko	givenname	0	1	
Rauf	givenname	0	1	
Raul	givenname	0	1	
Rauno	givenname	0	1	
Rauthgundis	givenname	0	1	
Ravi	givenname	0	1	
Ray	givenname	0	1	
Raymond	givenname	0	1	
Raymund	givenname	0	1	
Răzvan	givenname	0	1	
Rebecca	givenname	0	1	
Recai	givenname	0	1	
Recep	givenname	0	1	
Reemt	givenname	0	1	
Refik	givenname	0	1	
Regina	givenname	0	1	
Reginald	givenname	0	1	
Regis	givenname	0	1	
Regula	givenname	0	1	
Reidar	givenname	0	1	
Reijo	givenname	0	1	
Reimar	givenname	0	1	
Reinfried	givenname	0	1	
Reinhard	givenname	0	1	
Reinhardt	givenname	0	1	
Reinhart	givenname	0	1	
Reinhold	givenname	0	1	
Réka	givenname	0	1	
Rembert	givenname	0	1	
Rembrandt	givenname	0	1	
Remeco	givenname	0	1	
Remigius	givenname	0	1	
Remo	givenname	0	1	
Remy	givenname	0	1	
Remzi	givenname	0	1	
Renae	givenname	0	1	
Renaldo	givenname	0	1	
Renan	givenname	0	1	
Renata	givenname	0	1	
Renate	givenname	0	1	
Renaud	givenname	0	1	
René	givenname	0	1	
Renée	givenname	0	1	
Renzo	givenname	0	1	
Reşat	givenname	0	1	
Reto	givenname	0	1	
Reuven	givenname	0	1	
Rex	givenname	0	1	
Rexhep	givenname	0	1	
Reyhan	givenname	0	1	
Reza	givenname	0	1	
Rhoikos	givenname	0	1	
Rhys	givenname	0	1	
Ria	givenname	0	1	
Ricarda	givenname	0	1	
Ricardo	givenname	0	1	
Riccardo	givenname	0	1	
Richard	givenname	0	1	
Richhilde	givenname	0	1	
Richie	givenname	0	1	
Richmunda	givenname	0	1	
Rico	givenname	0	1	
Ridvan	givenname	0	1	
Rıdvan	givenname	0	1	
Rıfat	givenname	0	1	
Rikard	givenname	0	1	
Rike	givenname	0	1	
Rikke	givenname	0	1	
Riley	givenname	0	1	
Rimantas	givenname	0	1	
Rimante	givenname	0	1	
Rimas	givenname	0	1	
Rinaldo	givenname	0	1	
Ringo	givenname	0	1	
Rita	givenname	0	1	
Riza	givenname	0	1	
Rıza	givenname	0	1	
Roald	givenname	0	1	
Rob	givenname	0	1	
Robbie	givenname	0	1	
Robby	givenname	0	1	
Robert	givenname	0	1	
Roberta	givenname	0	1	
Roberto	givenname	0	1	
Robin	givenname	0	1	
Robinson	givenname	0	1	
Rochus	givenname	0	1	
Rock	givenname	0	1	
Roderich	givenname	0	1	
Rodion	givenname	0	1	
Rodrigo	givenname	0	1	
Rogelio	givenname	0	1	
Roger	givenname	0	1	
Rogério	givenname	0	1	
Rohan	givenname	0	1	
Roj	givenname	0	1	
Roland	givenname	0	1	
Rolandas	givenname	0	1	
Rolando	givenname	0	1	
Roman	givenname	0	1	
Romana	givenname	0	1	
Romed	givenname	0	1	
Romeo	givenname	0	1	
Romilda	givenname	0	1	
Romuald	givenname	0	1	
Romualdas	givenname	0	1	
Romy	givenname	0	1	
Ron	givenname	0	1	
Ronald	givenname	0	1	
Ronan	givenname	0	1	
Ronja	givenname	0	1	
Ronnie	givenname	0	1	
Ronny	givenname	0	1	
Rory	givenname	0	1	
Rosa	givenname	0	1	
Rosanna	givenname	0	1	
Rosario	givenname	0	1	
Roscoe	givenname	0	1	
Rosemarie	givenname	0	1	
Rosina	givenname	0	1	
Ross	givenname	0	1	
Rostam	givenname	0	1	
Rostislaw	givenname	0	1	
Roswitha	givenname	0	1	
Rotraud	givenname	0	1	
Rowena	givenname	0	1	
Roxana	givenname	0	1	
Roy	givenname	0	1	
Roya	givenname	0	1	
Róža	givenname	0	1	
Rózsa	givenname	0	1	
Ruairi	givenname	0	1	
Ruairí	givenname	0	1	
Ruben	givenname	0	1	
Rubén	givenname	0	1	
Ruby	givenname	0	1	
Rüdiger	givenname	0	1	
Rudolf	givenname	0	1	
Rufus	givenname	0	1	
Ruggero	givenname	0	1	
Rukmini	givenname	0	1	
Rumen	givenname	0	1	
Rune	givenname	0	1	
Rupert	givenname	0	1	
Ruslan	givenname	0	1	
Ruslana	givenname	0	1	
Russell	givenname	0	1	
Rutger	givenname	0	1	
Ruth	givenname	0	1	
Ruud	givenname	0	1	
Ruxandra	givenname	0	1	
Ryan	givenname	0	1	
Ryūtarō	givenname	0	1	
Saar	givenname	0	1	
Sabine	givenname	0	1	
Sabri	givenname	0	1	
Sabrina	givenname	0	1	
Sachiko	givenname	0	1	
Sachso	givenname	0	1	
Saddam	givenname	0	1	
Sadi	givenname	0	1	
Şadi	givenname	0	1	
Safet	givenname	0	1	
Şahin	givenname	0	1	
Said	givenname	0	1	
Şakir	givenname	0	1	
Salama	givenname	0	1	
Salih	givenname	0	1	
Salome	givenname	0	1	
Salomo	givenname	0	1	
Salomon	givenname	0	1	
Salvator	givenname	0	1	
Sam	givenname	0	1	
Samantha	givenname	0	1	
Sambor	givenname	0	1	
Samet	givenname	0	1	
Sami	givenname	0	1	
Samia	givenname	0	1	
Samir	givenname	0	1	
Samira	givenname	0	1	
Sammy	givenname	0	1	
Samson	givenname	0	1	
Samuel	givenname	0	1	
Samy	givenname	0	1	
Sancho	givenname	0	1	
Sander	givenname	0	1	
Sándor	givenname	0	1	
Sandra	givenname	0	1	
Sandrine	givenname	0	1	
Sandro	givenname	0	1	
Sandy	givenname	0	1	
Sara	givenname	0	1	
Sarit	givenname	0	1	
Sarojini	givenname	0	1	
Šarūnas	givenname	0	1	
Sasa	givenname	0	1	
Sascha	givenname	0	1	
Saskia	givenname	0	1	
Sassan	givenname	0	1	
Savaş	givenname	0	1	
Sayali	givenname	0	1	
Sazak	givenname	0	1	
Scharbel	givenname	0	1	
Schmuel	givenname	0	1	
Scholastika	givenname	0	1	
Schota	givenname	0	1	
Scott	givenname	0	1	
Sead	givenname	0	1	
Seamus	givenname	0	1	
Séamus	givenname	0	1	
Sean	givenname	0	1	
Seán	givenname	0	1	
Seaxburg	givenname	0	1	
Sebald	givenname	0	1	
Sebastian	givenname	0	1	
Sebastiano	givenname	0	1	
Sedat	givenname	0	1	
Sedef	givenname	0	1	
Sefa	givenname	0	1	
Selahattin	givenname	0	1	
Selçuk	givenname	0	1	
Selim	givenname	0	1	
Selma	givenname	0	1	
Sema	givenname	0	1	
Semavi	givenname	0	1	
Semih	givenname	0	1	
Semiha	givenname	0	1	
Semra	givenname	0	1	
Şener	givenname	0	1	
Senol	givenname	0	1	
Şenol	givenname	0	1	
Senta	givenname	0	1	
Sepideh	givenname	0	1	
Sepp	givenname	0	1	
Serdal	givenname	0	1	
Serdar	givenname	0	1	
Serena	givenname	0	1	
Serenus	givenname	0	1	
Serge	givenname	0	1	
Sergei	givenname	0	1	
Sergi	givenname	0	1	
Sergio	givenname	0	1	
Sérgio	givenname	0	1	
Sergius	givenname	0	1	
Serkan	givenname	0	1	
Şêrko	givenname	0	1	
Serpil	givenname	0	1	
Servet	givenname	0	1	
Servius	givenname	0	1	
Setareh	givenname	0	1	
Seteney	givenname	0	1	
Seval	givenname	0	1	
Severin	givenname	0	1	
Sevim	givenname	0	1	
Şevket	givenname	0	1	
Sextus	givenname	0	1	
Seymour	givenname	0	1	
Sezer	givenname	0	1	
Sezgin	givenname	0	1	
Shabnam	givenname	0	1	
Shahryar	givenname	0	1	
Shane	givenname	0	1	
Shanice	givenname	0	1	
Shanna	givenname	0	1	
Shannon	givenname	0	1	
Shari	givenname	0	1	
Shaun	givenname	0	1	
Shawna	givenname	0	1	
Shayan	givenname	0	1	
Sheena	givenname	0	1	
Shelagh	givenname	0	1	
Sheldon	givenname	0	1	
Shelly	givenname	0	1	
Sherko	givenname	0	1	
Shigeo	givenname	0	1	
Shin	givenname	0	1	
Shinji	givenname	0	1	
Shinya	givenname	0	1	
Shirley	givenname	0	1	
Shmuel	givenname	0	1	
Shobha	givenname	0	1	
Shyam	givenname	0	1	
Sibel	givenname	0	1	
Sibylle	givenname	0	1	
Sidonia	givenname	0	1	
Siebrand	givenname	0	1	
Siegbald	givenname	0	1	
Siegbert	givenname	0	1	
Siegfried	givenname	0	1	
Sieglinde	givenname	0	1	
Siegmund	givenname	0	1	
Siegward	givenname	0	1	
Sietske	givenname	0	1	
Sievert	givenname	0	1	
Sigena	givenname	0	1	
Sigfús	givenname	0	1	
Sigismund	givenname	0	1	
Sigit	givenname	0	1	
Sigita	givenname	0	1	
Sigmar	givenname	0	1	
Sigmund	givenname	0	1	
Signe	givenname	0	1	
Signý	givenname	0	1	
Sigrid	givenname	0	1	
Sigrun	givenname	0	1	
Sigune	givenname	0	1	
Sigurd	givenname	0	1	
Sigurður	givenname	0	1	
Siham	givenname	0	1	
Siir	givenname	0	1	
Şiir	givenname	0	1	
Silas	givenname	0	1	
Silja	givenname	0	1	
Silke	givenname	0	1	
Silvan	givenname	0	1	
Silvana	givenname	0	1	
Silvester	givenname	0	1	
Silvia	givenname	0	1	
Silvio	givenname	0	1	
Silviu	givenname	0	1	
Simay	givenname	0	1	
Simei	givenname	0	1	
Simen	givenname	0	1	
Simeon	givenname	0	1	
Simon	givenname	0	1	
Simone	givenname	0	1	
Simonetta	givenname	0	1	
Sina	givenname	0	1	
Sinaida	givenname	0	1	
Sinan	givenname	0	1	
Sinéad	givenname	0	1	
Sinja	givenname	0	1	
Sinje	givenname	0	1	
Siobhan	givenname	0	1	
Siobhán	givenname	0	1	
Sira	givenname	0	1	
Siri	givenname	0	1	
Siro	givenname	0	1	
Sırrı	givenname	0	1	
Siva	givenname	0	1	
Sixten	givenname	0	1	
Şiyar	givenname	0	1	
Sjut	givenname	0	1	
Skrollan	givenname	0	1	
Slavko	givenname	0	1	
Sławomir	givenname	0	1	
Slobodan	givenname	0	1	
Smilla	givenname	0	1	
Smizer	givenname	0	1	
Snežana	givenname	0	1	
Sochyeta	givenname	0	1	
Soja	givenname	0	1	
Sokol	givenname	0	1	
Solana	givenname	0	1	
Solange	givenname	0	1	
Solomon	givenname	0	1	
Solveig	givenname	0	1	
Sona	givenname	0	1	
Sondra	givenname	0	1	
Soner	givenname	0	1	
Songül	givenname	0	1	
Sonia	givenname	0	1	
Sonja	givenname	0	1	
Sönke	givenname	0	1	
Sönmez	givenname	0	1	
Sonya	givenname	0	1	
Sophia	givenname	0	1	
Sora	givenname	0	1	
Sören	givenname	0	1	
Søren	givenname	0	1	
Sotirios	givenname	0	1	
Sotiris	givenname	0	1	
Soufian	givenname	0	1	
Soufiane	givenname	0	1	
Souleymane	givenname	0	1	
Spurius	givenname	0	1	
Srećko	givenname	0	1	
Staffan	givenname	0	1	
Stan	givenname	0	1	
Stanislaus	givenname	0	1	
Stanisław	givenname	0	1	
Stasys	givenname	0	1	
Stefan	givenname	0	1	
Stefán	givenname	0	1	
Stefanie	givenname	0	1	
Stefano	givenname	0	1	
Stein	givenname	0	1	
Stella	givenname	0	1	
Stellan	givenname	0	1	
Sthenelos	givenname	0	1	
Stig	givenname	0	1	
Stijn	givenname	0	1	
Stu	givenname	0	1	
Stuart	givenname	0	1	
Sture	givenname	0	1	
Sturm	givenname	0	1	
Stylian	givenname	0	1	
Suat	givenname	0	1	
Sudabeh	givenname	0	1	
Şükrü	givenname	0	1	
Sulamith	givenname	0	1	
Suleiman	givenname	0	1	
Sune	givenname	0	1	
Sünje	givenname	0	1	
Sünne	givenname	0	1	
Sunshine	givenname	0	1	
Susan	givenname	0	1	
Susanne	givenname	0	1	
Susette	givenname	0	1	
Sushil	givenname	0	1	
Sushila	givenname	0	1	
Suzie	givenname	0	1	
Svea	givenname	0	1	
Svein	givenname	0	1	
Sveinn	givenname	0	1	
Sven	givenname	0	1	
Svend	givenname	0	1	
Svende	givenname	0	1	
Svenja	givenname	0	1	
Sverre	givenname	0	1	
Swanhild	givenname	0	1	
Swantje	givenname	0	1	
Swetlana	givenname	0	1	
Swjatoslaw	givenname	0	1	
Synke	givenname	0	1	
Szabolcs	givenname	0	1	
Taavi	givenname	0	1	
Tabea	givenname	0	1	
Tadas	givenname	0	1	
Taha	givenname	0	1	
Tahar	givenname	0	1	
Tahir	givenname	0	1	
Taisto	givenname	0	1	
Takashi	givenname	0	1	
Takis	givenname	0	1	
Takuya	givenname	0	1	
Tamar	givenname	0	1	
Tamara	givenname	0	1	
Tamás	givenname	0	1	
Tamer	givenname	0	1	
Tamika	givenname	0	1	
Tammo	givenname	0	1	
Taner	givenname	0	1	
Tanja	givenname	0	1	
Tanju	givenname	0	1	
Tankred	givenname	0	1	
Tara	givenname	0	1	
Tarcisio	givenname	0	1	
Tarik	givenname	0	1	
Tarja	givenname	0	1	
Tarjei	givenname	0	1	
Tarkan	givenname	0	1	
Tarzisius	givenname	0	1	
Tassilo	givenname	0	1	
Tatjana	givenname	0	1	
Tauno	givenname	0	1	
Tayfun	givenname	0	1	
Tayla	givenname	0	1	
Taylor	givenname	0	1	
Teal	givenname	0	1	
Ted	givenname	0	1	
Teemu	givenname	0	1	
Tekin	givenname	0	1	
Telma	givenname	0	1	
Telman	givenname	0	1	
Telsche	givenname	0	1	
Teoman	givenname	0	1	
Terence	givenname	0	1	
Terenzio	givenname	0	1	
Terry	givenname	0	1	
Tess	givenname	0	1	
Tessa	givenname	0	1	
Tezcan	givenname	0	1	
Thalia	givenname	0	1	
Thea	givenname	0	1	
Thekla	givenname	0	1	
Thelma	givenname	0	1	
Thelxion	givenname	0	1	
Theobald	givenname	0	1	
Theodo	givenname	0	1	
Theodolinde	givenname	0	1	
Theodor	givenname	0	1	
Theodora	givenname	0	1	
Theodore	givenname	0	1	
Theodoros	givenname	0	1	
Theodosia	givenname	0	1	
Theodosios	givenname	0	1	
Theodulos	givenname	0	1	
Theophil	givenname	0	1	
Therese	givenname	0	1	
Theumis	givenname	0	1	
Thierry	givenname	0	1	
Thijs	givenname	0	1	
Thilo	givenname	0	1	
Thirza	givenname	0	1	
Thomas	givenname	0	1	
Thora	givenname	0	1	
Thoralf	givenname	0	1	
Thorben	givenname	0	1	
Thorbjörn	givenname	0	1	
Thorbjørn	givenname	0	1	
Thord	givenname	0	1	
Thordis	givenname	0	1	
Thore	givenname	0	1	
Thorge	givenname	0	1	
Thorgny	givenname	0	1	
Thorsten	givenname	0	1	
Thorunn	givenname	0	1	
Thorwald	givenname	0	1	
Thure	givenname	0	1	
Thurid	givenname	0	1	
Tiberiu	givenname	0	1	
Tiberius	givenname	0	1	
Tietje	givenname	0	1	
Tilemann	givenname	0	1	
Till	givenname	0	1	
Tillmann	givenname	0	1	
Tilman	givenname	0	1	
Tilmann	givenname	0	1	
Tim	givenname	0	1	
Timea	givenname	0	1	
Timo	givenname	0	1	
Timofei	givenname	0	1	
Timon	givenname	0	1	
Timotheos	givenname	0	1	
Timothy	givenname	0	1	
Tin	givenname	0	1	
Tina	givenname	0	1	
Tino	givenname	0	1	
Tita	givenname	0	1	
Titus	givenname	0	1	
Tjark	givenname	0	1	
Tjarko	givenname	0	1	
Tjorven	givenname	0	1	
Tobias	givenname	0	1	
Toby	givenname	0	1	
Todor	givenname	0	1	
Toivo	givenname	0	1	
Tokessa	givenname	0	1	
Tolga	givenname	0	1	
Tomas	givenname	0	1	
Tomás	givenname	0	1	
Tomer	givenname	0	1	
Tommaso	givenname	0	1	
Tommi	givenname	0	1	
Tomohito	givenname	0	1	
Tone	givenname	0	1	
Toni	givenname	0	1	
Tõnis	givenname	0	1	
Tõnu	givenname	0	1	
Toralf	givenname	0	1	
Toräst	givenname	0	1	
Torben	givenname	0	1	
Torbjörn	givenname	0	1	
Torbjørn	givenname	0	1	
Tord	givenname	0	1	
Tore	givenname	0	1	
Torge	givenname	0	1	
Torgeir	givenname	0	1	
Torger	givenname	0	1	
Torgny	givenname	0	1	
Torin	givenname	0	1	
Torun	givenname	0	1	
Torunn	givenname	0	1	
Tosun	givenname	0	1	
Toya	givenname	0	1	
Tracy	givenname	0	1	
Traugott	givenname	0	1	
Traute	givenname	0	1	
Trevor	givenname	0	1	
Trilok	givenname	0	1	
Trine	givenname	0	1	
Tristan	givenname	0	1	
Trond	givenname	0	1	
Tróndur	givenname	0	1	
Troy	givenname	0	1	
Trygve	givenname	0	1	
Tryphaina	givenname	0	1	
Tuba	givenname	0	1	
Tufan	givenname	0	1	
Tugay	givenname	0	1	
Tuğba	givenname	0	1	
Tuğrul	givenname	0	1	
Tuja	givenname	0	1	
Tulio	givenname	0	1	
Túlio	givenname	0	1	
Tullio	givenname	0	1	
Tunay	givenname	0	1	
Tunç	givenname	0	1	
Tuncay	givenname	0	1	
Tuncer	givenname	0	1	
Tünde	givenname	0	1	
Turan	givenname	0	1	
Ture	givenname	0	1	
Turgay	givenname	0	1	
Turgut	givenname	0	1	
Türkan	givenname	0	1	
Türkân	givenname	0	1	
Tuuli	givenname	0	1	
Tyler	givenname	0	1	
Tyree	givenname	0	1	
Udalrich	givenname	0	1	
Uday	givenname	0	1	
Udo	givenname	0	1	
Ueli	givenname	0	1	
Uffe	givenname	0	1	
Ufuk	givenname	0	1	
Ugo	givenname	0	1	
Uğur	givenname	0	1	
Ulf	givenname	0	1	
Ulfried	givenname	0	1	
Uljana	givenname	0	1	
Ülkü	givenname	0	1	
Ülo	givenname	0	1	
Ulrich	givenname	0	1	
Ulrike	givenname	0	1	
Umar	givenname	0	1	
Umberto	givenname	0	1	
Ümit	givenname	0	1	
Umut	givenname	0	1	
Ünal	givenname	0	1	
Undine	givenname	0	1	
Ural	givenname	0	1	
Urban	givenname	0	1	
Uri	givenname	0	1	
Uriah	givenname	0	1	
Urian	givenname	0	1	
Uriel	givenname	0	1	
Urmas	givenname	0	1	
Uroš	givenname	0	1	
Urs	givenname	0	1	
Ursina	givenname	0	1	
Ursula	givenname	0	1	
Urte	givenname	0	1	
Uta	givenname	0	1	
Ute	givenname	0	1	
Uthman	givenname	0	1	
Utto	givenname	0	1	
Uwe	givenname	0	1	
Väinö	givenname	0	1	
Valdas	givenname	0	1	
Valdis	givenname	0	1	
Valdís	givenname	0	1	
Valentin	givenname	0	1	
Valentina	givenname	0	1	
Valentinas	givenname	0	1	
Valerie	givenname	0	1	
Valerio	givenname	0	1	
Valério	givenname	0	1	
Valeska	givenname	0	1	
Vanessa	givenname	0	1	
Vappu	givenname	0	1	
Vasant	givenname	0	1	
Vasco	givenname	0	1	
Vasile	givenname	0	1	
Vasilije	givenname	0	1	
Vatroslav	givenname	0	1	
Vedat	givenname	0	1	
Vedran	givenname	0	1	
Veerle	givenname	0	1	
Vegard	givenname	0	1	
Vehbi	givenname	0	1	
Veikko	givenname	0	1	
Veit	givenname	0	1	
Veli	givenname	0	1	
Velibor	givenname	0	1	
Vera	givenname	0	1	
Vered	givenname	0	1	
Verena	givenname	0	1	
Veronika	givenname	0	1	
Véronique	givenname	0	1	
Vesna	givenname	0	1	
Veysel	givenname	0	1	
Vicenç	givenname	0	1	
Vicente	givenname	0	1	
Victor	givenname	0	1	
Victorino	givenname	0	1	
Vijay	givenname	0	1	
Vikentije	givenname	0	1	
Vikram	givenname	0	1	
Viktoria	givenname	0	1	
Vilém	givenname	0	1	
Viliam	givenname	0	1	
Vilija	givenname	0	1	
Vilis	givenname	0	1	
Ville	givenname	0	1	
Vincas	givenname	0	1	
Vincent	givenname	0	1	
Vincenzo	givenname	0	1	
Vinzenz	givenname	0	1	
Viola	givenname	0	1	
Violet	givenname	0	1	
Violeta	givenname	0	1	
Violetta	givenname	0	1	
Violette	givenname	0	1	
Virgilio	givenname	0	1	
Virgílio	givenname	0	1	
Virginia	givenname	0	1	
Vishwanath	givenname	0	1	
Viswanathan	givenname	0	1	
Vitali	givenname	0	1	
Vitas	givenname	0	1	
Viviana	givenname	0	1	
Vivien	givenname	0	1	
Vjenceslava	givenname	0	1	
Vlad	givenname	0	1	
Vladas	givenname	0	1	
Vladimir	givenname	0	1	
Vlado	givenname	0	1	
Vlasta	givenname	0	1	
Volkan	givenname	0	1	
Volker	givenname	0	1	
Volkmar	givenname	0	1	
Vollrath	givenname	0	1	
Vuk	givenname	0	1	
Vukašin	givenname	0	1	
Vural	givenname	0	1	
Vytas	givenname	0	1	
Vytautas	givenname	0	1	
Wade	givenname	0	1	
Wadim	givenname	0	1	
Walburga	givenname	0	1	
Waldemar	givenname	0	1	
Waldfried	givenname	0	1	
Waleri	givenname	0	1	
Walfried	givenname	0	1	
Wallace	givenname	0	1	
Walli	givenname	0	1	
Walter	givenname	0	1	
Waltraud	givenname	0	1	
Wanda	givenname	0	1	
Wanja	givenname	0	1	
Ward	givenname	0	1	
Warin	givenname	0	1	
Warnfried	givenname	0	1	
Washington	givenname	0	1	
Wassil	givenname	0	1	
Wassili	givenname	0	1	
Waylon	givenname	0	1	
Wayne	givenname	0	1	
Wazzo	givenname	0	1	
Webster	givenname	0	1	
Wedekind	givenname	0	1	
Wedigo	givenname	0	1	
Wendelgard	givenname	0	1	
Wendelin	givenname	0	1	
Wenzel	givenname	0	1	
Werner	givenname	0	1	
Wichard	givenname	0	1	
Wichmann	givenname	0	1	
Widukind	givenname	0	1	
Wiebke	givenname	0	1	
Wiegand	givenname	0	1	
Wiel	givenname	0	1	
Wieland	givenname	0	1	
Wiesław	givenname	0	1	
Wigald	givenname	0	1	
Wighard	givenname	0	1	
Wiglev	givenname	0	1	
Wilfried	givenname	0	1	
Wilhelm	givenname	0	1	
Wilhelmine	givenname	0	1	
Wilko	givenname	0	1	
Wille	givenname	0	1	
Willemijn	givenname	0	1	
Willi	givenname	0	1	
William	givenname	0	1	
Willibald	givenname	0	1	
Willy	givenname	0	1	
Wilma	givenname	0	1	
Wilmut	givenname	0	1	
Wiltrud	givenname	0	1	
Wim	givenname	0	1	
Winand	givenname	0	1	
Winfried	givenname	0	1	
Wini	givenname	0	1	
Winifred	givenname	0	1	
Winnie	givenname	0	1	
Winona	givenname	0	1	
Winston	givenname	0	1	
Wissarion	givenname	0	1	
Wital	givenname	0	1	
Witali	givenname	0	1	
Witalij	givenname	0	1	
Withego	givenname	0	1	
Withold	givenname	0	1	
Witiko	givenname	0	1	
Wito	givenname	0	1	
Witold	givenname	0	1	
Wittekind	givenname	0	1	
Wjacław	givenname	0	1	
Wladimir	givenname	0	1	
Wladyslaw	givenname	0	1	
Wojciech	givenname	0	1	
Wolf	givenname	0	1	
Wolfgang	givenname	0	1	
Wolfhard	givenname	0	1	
Wolfram	givenname	0	1	
Wolter	givenname	0	1	
Woody	givenname	0	1	
Wórša	givenname	0	1	
Wsewolod	givenname	0	1	
Wunibald	givenname	0	1	
Wyn	givenname	0	1	
Wynn	givenname	0	1	
Wynne	givenname	0	1	
Xander	givenname	0	1	
Xaver	givenname	0	1	
Xaveria	givenname	0	1	
Xavier	givenname	0	1	
Xenia	givenname	0	1	
Ximena	givenname	0	1	
Yaghoot	givenname	0	1	
Yağmur	givenname	0	1	
Yago	givenname	0	1	
Yahya	givenname	0	1	
Yakov	givenname	0	1	
Yalçın	givenname	0	1	
Yann	givenname	0	1	
Yannick	givenname	0	1	
Yanti	givenname	0	1	
Yara	givenname	0	1	
Yaşar	givenname	0	1	
Yasemen	givenname	0	1	
Yasemin	givenname	0	1	
Yasin	givenname	0	1	
Yasmine	givenname	0	1	
Yassine	givenname	0	1	
Yavuz	givenname	0	1	
Yaya	givenname	0	1	
Yazid	givenname	0	1	
Yecla	givenname	0	1	
Yehuda	givenname	0	1	
Yekta	givenname	0	1	
Yente	givenname	0	1	
Yeşim	givenname	0	1	
Yiğit	givenname	0	1	
Yıldırım	givenname	0	1	
Yıldız	givenname	0	1	
Yılmaz	givenname	0	1	
Ylli	givenname	0	1	
Ylva	givenname	0	1	
Yngve	givenname	0	1	
Yorick	givenname	0	1	
Yrjö	givenname	0	1	
Yücel	givenname	0	1	
Yüksel	givenname	0	1	
Yunis	givenname	0	1	
Yunus	givenname	0	1	
Yusuf	givenname	0	1	
Yves	givenname	0	1	
Yvonne	givenname	0	1	
Zacharias	givenname	0	1	
Zafer	givenname	0	1	
Zahar	givenname	0	1	
Zaharije	givenname	0	1	
Zainab	givenname	0	1	
Žarko	givenname	0	1	
Zbigniew	givenname	0	1	
Zdeněk	givenname	0	1	
Zdravko	givenname	0	1	
Zdzisław	givenname	0	1	
Ze'ev	givenname	0	1	
Zeki	givenname	0	1	
Zenon	givenname	0	1	
Zenonas	givenname	0	1	
Zephyrin	givenname	0	1	
Zephyrine	givenname	0	1	
Zeruja	givenname	0	1	
Zeuxippos	givenname	0	1	
Ziemowit	givenname	0	1	
Zigmantas	givenname	0	1	
Zigmas	givenname	0	1	
Zita	givenname	0	1	
Ziva	givenname	0	1	
Ziya	givenname	0	1	
Zlata	givenname	0	1	
Zlatko	givenname	0	1	
Zoe	givenname	0	1	
Zoran	givenname	0	1	
Zoticus	givenname	0	1	
Zsa	givenname	0	1	
Zsolt	givenname	0	1	
Zsombor	givenname	0	1	
Zur	givenname	0	1	
Zvezdan	givenname	0	1	
Zvi	givenname	0	1	
Zygmunt	givenname	0	1	
Þorsteinn	givenname	0	1	
Þórunn	givenname	0	1	
Þorvaldur	givenname	0	1	
Müller	surname	0	1	
Schmidt	surname	0	1	
Schneider	surname	0	1	
Fischer	surname	0	1	
Weber	surname	0	1	
Meyer	surname	0	1	
Wagner	surname	0	1	
Becker	surname	0	1	
Schulz	surname	0	1	
Hoffmann	surname	0	1	
Schäfer	surname	0	1	
Koch	surname	0	1	
Bauer	surname	0	1	
Richter	surname	0	1	
Klein	surname	0	1	
Wolf	surname	0	1	
Schröder	surname	0	1	
Neumann	surname	0	1	
Schwarz	surname	0	1	
Zimmermann	surname	0	1	
Braun	surname	0	1	
Krüger	surname	0	1	
Hofmann	surname	0	1	
Hartmann	surname	0	1	
Lange	surname	0	1	
Schmitt	surname	0	1	
Werner	surname	0	1	
Schmitz	surname	0	1	
Krause	surname	0	1	
Meier	surname	0	1	
Lehmann	surname	0	1	
Schmid	surname	0	1	
Schulze	surname	0	1	
Maier	surname	0	1	
Köhler	surname	0	1	
Herrmann	surname	0	1	
König	surname	0	1	
Walter	surname	0	1	
Mayer	surname	0	1	
Huber	surname	0	1	
Kaiser	surname	0	1	
Fuchs	surname	0	1	
Peters	surname	0	1	
Lang	surname	0	1	
Scholz	surname	0	1	
Möller	surname	0	1	
Weiß	surname	0	1	
Jung	surname	0	1	
Hahn	surname	0	1	
Schubert	surname	0	1	
Vogel	surname	0	1	
Friedrich	surname	0	1	
Keller	surname	0	1	
Günther	surname	0	1	
Frank	surname	0	1	
Berger	surname	0	1	
Winkler	surname	0	1	
Roth	surname	0	1	
Beck	surname	0	1	
Lorenz	surname	0	1	
Baumann	surname	0	1	
Franke	surname	0	1	
Albrecht	surname	0	1	
Schuster	surname	0	1	
Simon	surname	0	1	
Ludwig	surname	0	1	
Böhm	surname	0	1	
Winter	surname	0	1	
Kraus	surname	0	1	
Martin	surname	0	1	
Schumacher	surname	0	1	
Krämer	surname	0	1	
Vogt	surname	0	1	
Stein	surname	0	1	
Jäger	surname	0	1	
Otto	surname	0	1	
Sommer	surname	0	1	
Groß	surname	0	1	
Seidel	surname	0	1	
Heinrich	surname	0	1	
Brandt	surname	0	1	
Haas	surname	0	1	
Schreiber	surname	0	1	
Graf	surname	0	1	
Schulte	surname	0	1	
Dietrich	surname	0	1	
Ziegler	surname	0	1	
Kuhn	surname	0	1	
Kühn	surname	0	1	
Pohl	surname	0	1	
Engel	surname	0	1	
Horn	surname	0	1	
Busch	surname	0	1	
Bergmann	surname	0	1	
Thomas	surname	0	1	
Voigt	surname	0	1	
Sauer	surname	0	1	
Arnold	surname	0	1	
Wolff	surname	0	1	
Pfeiffer	surname	0	1	
